Distance from Center (cmd=annotatePeaks.pl /data/home/jtao/test_actual_0//merged.tsv mm9 -size 2000 -hist 10 -d /data/home/nspann/data/mm9/ThioMac/ChIP/NuclearReceptors/NURSA_njs/NR-Jenhan/final_set/1-RAW-ChIP-BLRPc3-RevErbb-notx-12-11-08 /data/home/nspann/data/mm9/ThioMac/ChIP/NuclearReceptors/NURSA_njs/NR-Jenhan/final_set/2-BLRP-Foxo1 /data/home/nspann/data/mm9/ThioMac/ChIP/NuclearReceptors/NURSA_njs/NR-Jenhan/final_set/3-ThioMac-RXR-ChIP-Seq-LG268-18h-13-10-23 /data/home/nspann/data/mm9/ThioMac/ChIP/NuclearReceptors/NURSA_njs/NR-Jenhan/final_set/4-BMDM-LXR-WT_GW3965-1h-13-04-15 /data/home/nspann/data/mm9/ThioMac/ChIP/NuclearReceptors/NURSA_njs/NR-Jenhan/final_set/5-ThioMac-GR-Dex-2h /data/home/nspann/data/mm9/ThioMac/ChIP/NuclearReceptors/NURSA_njs/NR-Jenhan/final_set/6-RAW.blrp-THRalpha2 /data/home/nspann/data/mm9/ThioMac/ChIP/NuclearReceptors/NURSA_njs/NR-Jenhan/final_set/7-ThioMac-PPARg-MRL24 /data/home/nspann/data/mm9/ThioMac/ChIP/NuclearReceptors/NURSA_njs/NR-Jenhan/final_set/8-ThioMac-PU1-notx-111019)	/data/home/nspann/data/mm9/ThioMac/ChIP/NuclearReceptors/NURSA_njs/NR-Jenhan/final_set/1-RAW-ChIP-BLRPc3-RevErbb-notx-12-11-08 Coverage	/data/home/nspann/data/mm9/ThioMac/ChIP/NuclearReceptors/NURSA_njs/NR-Jenhan/final_set/1-RAW-ChIP-BLRPc3-RevErbb-notx-12-11-08 + Tags	/data/home/nspann/data/mm9/ThioMac/ChIP/NuclearReceptors/NURSA_njs/NR-Jenhan/final_set/1-RAW-ChIP-BLRPc3-RevErbb-notx-12-11-08 - Tags	/data/home/nspann/data/mm9/ThioMac/ChIP/NuclearReceptors/NURSA_njs/NR-Jenhan/final_set/2-BLRP-Foxo1 Coverage	/data/home/nspann/data/mm9/ThioMac/ChIP/NuclearReceptors/NURSA_njs/NR-Jenhan/final_set/2-BLRP-Foxo1 + Tags	/data/home/nspann/data/mm9/ThioMac/ChIP/NuclearReceptors/NURSA_njs/NR-Jenhan/final_set/2-BLRP-Foxo1 - Tags	/data/home/nspann/data/mm9/ThioMac/ChIP/NuclearReceptors/NURSA_njs/NR-Jenhan/final_set/3-ThioMac-RXR-ChIP-Seq-LG268-18h-13-10-23 Coverage	/data/home/nspann/data/mm9/ThioMac/ChIP/NuclearReceptors/NURSA_njs/NR-Jenhan/final_set/3-ThioMac-RXR-ChIP-Seq-LG268-18h-13-10-23 + Tags	/data/home/nspann/data/mm9/ThioMac/ChIP/NuclearReceptors/NURSA_njs/NR-Jenhan/final_set/3-ThioMac-RXR-ChIP-Seq-LG268-18h-13-10-23 - Tags	/data/home/nspann/data/mm9/ThioMac/ChIP/NuclearReceptors/NURSA_njs/NR-Jenhan/final_set/4-BMDM-LXR-WT_GW3965-1h-13-04-15 Coverage	/data/home/nspann/data/mm9/ThioMac/ChIP/NuclearReceptors/NURSA_njs/NR-Jenhan/final_set/4-BMDM-LXR-WT_GW3965-1h-13-04-15 + Tags	/data/home/nspann/data/mm9/ThioMac/ChIP/NuclearReceptors/NURSA_njs/NR-Jenhan/final_set/4-BMDM-LXR-WT_GW3965-1h-13-04-15 - Tags	/data/home/nspann/data/mm9/ThioMac/ChIP/NuclearReceptors/NURSA_njs/NR-Jenhan/final_set/5-ThioMac-GR-Dex-2h Coverage	/data/home/nspann/data/mm9/ThioMac/ChIP/NuclearReceptors/NURSA_njs/NR-Jenhan/final_set/5-ThioMac-GR-Dex-2h + Tags	/data/home/nspann/data/mm9/ThioMac/ChIP/NuclearReceptors/NURSA_njs/NR-Jenhan/final_set/5-ThioMac-GR-Dex-2h - Tags	/data/home/nspann/data/mm9/ThioMac/ChIP/NuclearReceptors/NURSA_njs/NR-Jenhan/final_set/6-RAW.blrp-THRalpha2 Coverage	/data/home/nspann/data/mm9/ThioMac/ChIP/NuclearReceptors/NURSA_njs/NR-Jenhan/final_set/6-RAW.blrp-THRalpha2 + Tags	/data/home/nspann/data/mm9/ThioMac/ChIP/NuclearReceptors/NURSA_njs/NR-Jenhan/final_set/6-RAW.blrp-THRalpha2 - Tags	/data/home/nspann/data/mm9/ThioMac/ChIP/NuclearReceptors/NURSA_njs/NR-Jenhan/final_set/7-ThioMac-PPARg-MRL24 Coverage	/data/home/nspann/data/mm9/ThioMac/ChIP/NuclearReceptors/NURSA_njs/NR-Jenhan/final_set/7-ThioMac-PPARg-MRL24 + Tags	/data/home/nspann/data/mm9/ThioMac/ChIP/NuclearReceptors/NURSA_njs/NR-Jenhan/final_set/7-ThioMac-PPARg-MRL24 - Tags	/data/home/nspann/data/mm9/ThioMac/ChIP/NuclearReceptors/NURSA_njs/NR-Jenhan/final_set/8-ThioMac-PU1-notx-111019 Coverage	/data/home/nspann/data/mm9/ThioMac/ChIP/NuclearReceptors/NURSA_njs/NR-Jenhan/final_set/8-ThioMac-PU1-notx-111019 + Tags	/data/home/nspann/data/mm9/ThioMac/ChIP/NuclearReceptors/NURSA_njs/NR-Jenhan/final_set/8-ThioMac-PU1-notx-111019 - Tags
-1000	0.420410917570299	0.00177282037232724	0.00180626981331455	0.361331303932881	0.00158621319452599	0.00166692758274303	0.861729296993879	0.00396051035184524	0.00412704003757181	0.690408044382937	0.00325362347201028	0.00324227362268931	0.34818788135221	0.00163525237107486	0.00157571132245315	0.33927843238255	0.00139809270348193	0.00159325792858728	0.372917664435304	0.00164285807470032	0.00172961267008472	0.927531779029431	0.00401408946812262	0.00429791397596967
-990	0.463841240142527	0.00356236546514814	0.00377978683156564	0.407564196425763	0.00329525263199096	0.00329525263199097	0.935384938989967	0.00799342491487633	0.00805134828382473	0.745532946610307	0.00656777947373224	0.0065488630581973	0.386698683329131	0.00302596114959634	0.0030578581399294	0.39075016037221	0.00332135728542913	0.00319716123308937	0.423351128078735	0.0033240708126231	0.00354506672928646	1.04987459568675	0.00907079957731572	0.00864216664709776
-980	0.49688605079531	0.0038299609930466	0.00419790484390697	0.439502239150651	0.00354792376032254	0.00341807887492993	0.985278293570246	0.00816960849542768	0.00834337860227282	0.781494697447931	0.00662452872033706	0.00649589709469946	0.412718590403972	0.00315354911092859	0.00323435481977234	0.420892981062967	0.00310490130849412	0.00305167442891994	0.45514388647408	0.00338160280745695	0.00337064433225051	1.12874781863795	0.00850315056162167	0.00844522719267328
-970	0.523591652873885	0.00364598906761641	0.00356236546514814	0.46925098055972	0.00324963145604221	0.00340053226879579	1.03329450193461	0.00802238659935053	0.00813823333724729	0.818813495486976	0.006643445135872	0.00651103022712742	0.437985025266222	0.0033130340625939	0.0033130340625939	0.454889504145834	0.00318651585717453	0.003243291195387	0.49013757405344	0.00335785944450965	0.00328115011806451	1.20643009381638	0.00837571914993523	0.00843943485577845
-960	0.560413013315557	0.0040808318004514	0.0040808318004514	0.499514851690158	0.0034917746206933	0.0031969916376398	1.08159377202994	0.00780276049208793	0.00815754112689677	0.857057552981533	0.00651103022712742	0.00670019438247683	0.461627308914663	0.00320033136341708	0.00328964293634965	0.483086395905922	0.00299489909070748	0.00283876691062321	0.526223343354405	0.00342817632708435	0.00331037271861505	1.28616946060233	0.00852052757230617	0.00880435208015321
-950	0.593862454302864	0.00413100596193236	0.00388013515452756	0.530132874504037	0.00339351362634213	0.00340053226879579	1.1296844703235	0.00784137607138686	0.00839647502380885	0.894417473663044	0.00676072691218864	0.00652994664266236	0.486743049334394	0.00322372248966132	0.00321521662557251	0.52089846591167	0.00309425593257929	0.00321490352628076	0.561226445431365	0.00337612356985373	0.00339804052026662	1.36450134365681	0.00853211224609585	0.00790653986145342
-940	0.624479482948503	0.00379651155205929	0.00354564074465449	0.557627923382116	0.00328121534708365	0.00351283054805427	1.1787435376967	0.00820581060102044	0.00814547375836585	0.932373672660331	0.00686287555607732	0.00618945116303343	0.512612261966717	0.00309613452832908	0.0033151605286161	0.5490190467333	0.00282102461743182	0.00314038589487691	0.596173060522725	0.00338708204506017	0.00335603303197524	1.44656847199863	0.00798763257798113	0.0086305819733081
-930	0.657524293601286	0.00398048347748948	0.00421462956440063	0.587441056006356	0.00330578059567145	0.00353388647541523	1.22935199559733	0.00827338786479355	0.00808272344200512	0.971769164143972	0.00665479498519297	0.00679099317704454	0.535735486979817	0.00316843437308402	0.00323648128579455	0.58354974638537	0.00308715901530273	0.00295941450432469	0.630921971164484	0.0033697311259833	0.00336242547584567	1.51818774033386	0.00820194904309013	0.00861899729951841
-920	0.688815706137798	0.00399720819798313	0.00409755652094505	0.614549757593408	0.00331981788057876	0.00322155688622759	1.28015412731389	0.00822270491696371	0.00818408933766478	1.00771035366036	0.00653372992576935	0.00634834905352693	0.560767508264816	0.00323010188772794	0.00328113707226083	0.616783160083661	0.0029416722111333	0.00295231758704813	0.666772378025448	0.00345100648376445	0.00344096121482521	1.59462493374985	0.00849156588783197	0.00801659426245532
-910	0.722534900681454	0.00418118012341332	0.00372961267008468	0.641819437218388	0.0029162459394936	0.00293028322440091	1.32967503224815	0.00811409860018551	0.00802480007305672	1.04671518004057	0.00692719136889612	0.00673424393043972	0.586117662261798	0.00319820489739487	0.00328751647032745	0.653069011320256	0.00335684187181192	0.00313683743623864	0.700278574984001	0.0033487273818376	0.00341995747067951	1.68237613100716	0.00882752142773257	0.00840468083440943
-900	0.751533407988998	0.00371288794959102	0.00418118012341332	0.67787851771423	0.00345668140842503	0.00323910349236172	1.38277145378417	0.00839164807639652	0.00830958997038627	1.08243019502339	0.00662831200344405	0.00645049769741561	0.610446442815045	0.00334280458690475	0.00322159602363912	0.675847826449854	0.00299844754934576	0.00292038145930362	0.736392587777766	0.00350305924099509	0.00330763309981343	1.76465979530766	0.00867112833157195	0.0088159367539429
-890	0.784308465085431	0.00413100596193236	0.00398048347748948	0.709687778008775	0.00330227127444462	0.00327068738340317	1.43445256666532	0.00846646576128819	0.00826614744367498	1.12083874308781	0.00676072691218864	0.00663966185276502	0.633469204866465	0.00307912280015144	0.00314079031479536	0.67661093583443	0.0029239299179419	0.00305522288755822	0.745100998057806	0.00344735365869565	0.00329119538700376	1.8474306655152	0.00889123713357575	0.00872905170052033
-880	0.816409138290991	0.00429825316686889	0.00352891602416084	0.724433366282968	0.00337947634143482	0.00348475597823965	1.48313918439251	0.00831441691779866	0.00794032849334034	1.1586715741577	0.00696124091685901	0.00626890010828017	0.658769127382608	0.00320671076148369	0.00314291678081757	0.673024321726922	0.0029913506320692	0.00276424927921935	0.74824544025622	0.00342908953335156	0.00326471240525485	1.86556555205511	0.00901866854526218	0.008491565887832
-870	0.855523403961632	0.0043317026078562	0.00388013515452756	0.724884104789166	0.00361460086363226	0.00318295435273249	1.5375466286825	0.00847853312981908	0.00786551080844865	1.19958860341263	0.00688557525471925	0.00649211381159248	0.68354999126341	0.00315567557695079	0.00325987241203879	0.676038603795998	0.00309780439121757	0.00311199822577068	0.749441081451425	0.00340351975786985	0.00338616883879298	1.86513248013774	0.00858424327814939	0.00823670306445914
-860	0.86159285897949	0.00394703403650217	0.00396375875699582	0.724368975067796	0.00344966276597137	0.00338298566266165	1.58919794559198	0.00809479081053605	0.00801755965193817	1.23729806655511	0.00673046064733273	0.00662074543723007	0.688991735021018	0.00341510443165969	0.00339171330541545	0.676687246772888	0.00340652029274783	0.00315812818806831	0.749045672552224	0.00340351975786985	0.00337338395105211	1.86437460428234	0.0086189972995184	0.00862478963641325
-850	0.861862612535839	0.00393030931600852	0.00426480372588159	0.724948496004337	0.00366022203958102	0.00321804756500076	1.6439480435563	0.00850508134058709	0.0079982518622887	1.27350655324754	0.00660939558790911	0.00650346366091344	0.689628000444985	0.00319820489739487	0.00320033136341708	0.674893939719134	0.00286360612109116	0.00305167442891994	0.750806183603432	0.00346470457777251	0.003301240655943	1.86318365650957	0.00829462643340752	0.00820194904309012
-840	0.863750887430283	0.00431497788736255	0.00351219130366718	0.727137797320156	0.00331630855935193	0.00313733317678373	1.69574834032418	0.00801997312564436	0.00800790575711342	1.30987953050984	0.00658669588926718	0.00662452872033706	0.690197290561165	0.00325987241203879	0.00319395196535047	0.676687246772888	0.0029913506320692	0.00327167886449323	0.752124213267438	0.00342817632708435	0.00343365556468759	1.8646452742307	0.00821932605377463	0.00893757582873446
-830	0.873327138680682	0.00394703403650217	0.00414773068242601	0.731001270230424	0.00337947634143482	0.0031338238555569	1.73151840432754	0.00817684891654624	0.008041694389	1.34841144650166	0.00686287555607732	0.00655264634130429	0.689376843040787	0.00314504324683977	0.00307699633412924	0.675771515511396	0.00292747837658018	0.00306586826347305	0.751691146377836	0.00334142173169997	0.00331128592488224	1.85116591080252	0.00794129388282243	0.00831779578098687
-820	0.874945660018777	0.00414773068242601	0.00414773068242601	0.735057916786206	0.0033514017716202	0.00337596702020799	1.73347004047266	0.008266147443675	0.00802480007305671	1.38618259360785	0.00667371140072791	0.00674559377976068	0.68783641096171	0.00305147874186279	0.00329389586839406	0.674550540496074	0.00309780439121756	0.00297360833887781	0.753489315419444	0.00332041798755429	0.00345557251510048	1.85749958759407	0.00848577355093715	0.00844522719267328
-810	0.874136399349729	0.00381323627255294	0.00354564074465449	0.73357691883727	0.00336894837775434	0.00323208484990807	1.73452779746735	0.00808030996829892	0.00798377102005161	1.41823769341108	0.00663209528655104	0.00686287555607731	0.686295978882634	0.00315567557695079	0.00333855165486034	0.668216732604093	0.0028565092038146	0.00291328454202707	0.753103321017842	0.00339804052026662	0.00335603303197524	1.8582033294598	0.00840468083440943	0.00829462643340751
-800	0.875889797465999	0.00396375875699582	0.00384668571354025	0.733254962761414	0.00334789245039338	0.00328121534708365	1.73816290601246	0.0082806282859121	0.00817443544284004	1.41593482543292	0.00661696215412309	0.00669641109936984	0.684219744341269	0.00307486986810704	0.00312377858661773	0.672795388911549	0.00306586826347306	0.00306586826347306	0.753837651830646	0.00336151226957846	0.00339256128266341	1.86177617277811	0.00857845094125453	0.00864216664709775
-790	0.882633636374731	0.00429825316686889	0.00431497788736255	0.735927198191017	0.00338649498388848	0.00340755091124944	1.74106801325139	0.00829269565444299	0.00799583838858253	1.41945081136387	0.00670019438247683	0.00665101170208598	0.683516503609517	0.0031620549750174	0.00311527272252891	0.672566456096176	0.00306231980483477	0.00311909514304724	0.75476968709305	0.00349301397205584	0.00339712731399942	1.85533422800722	0.00806872529450887	0.00841047317130427
-780	0.885600925494572	0.00438187676933716	0.00369616322909737	0.73583061136826	0.00355143308154937	0.00341106023247627	1.74663985995578	0.00846646576128817	0.00824925312773172	1.42103403309886	0.00677586004461659	0.00672289408111875	0.683432784474784	0.00318969903330606	0.00334918398497137	0.674817628780676	0.00318651585717453	0.00297360833887781	0.753875309821046	0.00338525563252576	0.00344461403989403	1.86042282303633	0.00913451528315892	0.00885648311220673
-770	0.888028707501715	0.00418118012341332	0.00379651155205929	0.733415940799342	0.00323910349236173	0.00335491109284703	1.74853190415754	0.00821546449584518	0.00805134828382473	1.42214434444547	0.00668127796694189	0.00699150718171491	0.681205855490901	0.00322584895568353	0.00307061693606263	0.673825586580727	0.00293457529385674	0.00282812153470838	0.752952689056242	0.00334324814423439	0.00330489348101182	1.85262752852365	0.00846839654025263	0.00845681186646296
-760	0.893828408963224	0.00421462956440063	0.00384668571354025	0.73132322630628	0.00342158819615675	0.00330578059567145	1.74772741292215	0.00794998238816505	0.00809237733682985	1.42321353314962	0.0069309746520031	0.00684395914054238	0.681004929567543	0.00316630790706181	0.00297279949904124	0.671231014673168	0.00316167664670658	0.00318296739853626	0.753950625801846	0.00340899899547306	0.003484795115651	1.85408914624478	0.00911134593557957	0.00828883409651268
-750	0.893828408963224	0.00393030931600852	0.00428152844637524	0.727717318256696	0.00334087380793972	0.00314435181923738	1.75002170274161	0.00832889776003574	0.00814547375836588	1.42366588221676	0.00682125944190045	0.00656399619062525	0.683817892494553	0.00325774594601659	0.00317906670319504	0.670963926388567	0.00307651363938789	0.0030587713461965	0.753894138816246	0.00345739892763489	0.00338251601372415	1.86118069889173	0.0089723298501035	0.00824249540135398
-740	0.886545062941795	0.00434842732834985	0.00423135428489428	0.727169992927741	0.00327419670463	0.00315487978291787	1.74988762086904	0.00818408933766479	0.0081985701799019	1.42247332558521	0.00662831200344405	0.00696880748307299	0.683683941878981	0.00318331963523945	0.00311101979048451	0.674130830334558	0.00305522288755822	0.00331426036815257	0.75479793058585	0.00340534617040425	0.00339895372653382	1.86242578065417	0.00847998121404231	0.00865375132088742
-730	0.888837968170763	0.00391358459551486	0.00379651155205929	0.726783645636714	0.00343211615983724	0.00363916611222005	1.7489192517894	0.00802480007305672	0.0081840893376648	1.42017045760705	0.00671154423179779	0.00661696215412309	0.682528617819674	0.00306849047004042	0.00319395196535047	0.675885981919083	0.00302683521845199	0.00296296296296297	0.756671415608258	0.00350214603472788	0.00350305924099509	1.86231751267483	0.00821932605377463	0.0084336425188836
-720	0.891265750177906	0.00377978683156564	0.00421462956440063	0.721020631878897	0.00316540774659835	0.00356196104522985	1.74339209904252	0.0079572228092836	0.00788240512439195	1.41760029245284	0.00655264634130429	0.00666614483451393	0.682310948069369	0.00323010188772794	0.00323010188772794	0.674321607680702	0.00312619206032379	0.00277489465513419	0.758639045606667	0.0035304554290112	0.00346561778403971	1.86848878749736	0.00860741262572872	0.00824828773824882
-710	0.890861119843383	0.00388013515452756	0.00406410707995774	0.721020631878897	0.00354090511786889	0.0034531720871982	1.73969739855405	0.00757589396370675	0.00824925312773174	1.41466002351643	0.00670019438247682	0.00678342661083056	0.681490500548991	0.00317056083910622	0.00318757256728385	0.681494835895717	0.00309780439121756	0.0030410290530051	0.758601387616267	0.00346561778403972	0.00340808578920587	1.86957146729079	0.00823670306445915	0.00843943485577844
-700	0.903539536991797	0.00461602285624831	0.00456584869476735	0.719829394398231	0.00324963145604221	0.00316540774659835	1.73135452648329	0.00785827038733012	0.00806582912606182	1.40834769789771	0.00624620040963824	0.00660561230480212	0.680854235125025	0.00318544610126165	0.00318331963523945	0.680617260103455	0.00300199600798404	0.00326813040585495	0.76140690790108	0.00353684787288163	0.00345465930883328	1.87070828107389	0.00842205784509393	0.00878697506946869
-690	0.903134906657273	0.0048334442226658	0.00421462956440063	0.721181609916825	0.00333034584425924	0.00310925860696911	1.72575288380722	0.00757589396370672	0.00828545523332446	1.40242603738242	0.00618566787992643	0.00679855974325852	0.682361179550209	0.00321946955761691	0.00320671076148369	0.67725957881132	0.00304102905300511	0.00301618984253715	0.762470746129885	0.00340351975786984	0.00353502146034724	1.86215511070581	0.0085552815936752	0.00855528159367519
-680	0.903674413769972	0.00401393291847678	0.00394703403650217	0.725914364231904	0.00342158819615675	0.00328823398953731	1.7158457232232	0.00759037480594385	0.00853886997247365	1.39352298528826	0.00629916637313608	0.0069309746520031	0.681892352395707	0.00297279949904124	0.00302596114959634	0.675733360042167	0.00316522510534486	0.00286715457972944	0.762480160627485	0.00347931587804778	0.00339712731399942	1.85186965266825	0.00773276975460829	0.00850894289851649
-670	0.905832442220766	0.0038299609930466	0.00389685987502121	0.726461689560859	0.00317593571027883	0.00315487978291787	1.70112651321265	0.00713664174918148	0.00803204049417527	1.38562743793454	0.00609865236846571	0.00649589709469946	0.68164119499151	0.00304297287777397	0.00311101979048451	0.677374045219006	0.00305167442891994	0.00302683521845199	0.762423673641885	0.00338708204506018	0.00340899899547307	1.83806548530205	0.00755899964776319	0.00839888849751458
-660	0.90623707255529	0.00423135428489428	0.00444877565131177	0.72710560171257	0.00354441443909571	0.00317593571027883	1.68841853129059	0.00708113185393929	0.008015146178232	1.37997307459529	0.00623485056031728	0.00677964332772358	0.683231858551426	0.00314929617888418	0.00303659347970736	0.677831910849752	0.00311199822577068	0.00294522066977158	0.765040903974697	0.00346927060910853	0.00344278762735962	1.82496505980157	0.00780807013424118	0.00882172909083771
-650	0.898009589086638	0.00426480372588159	0.00406410707995775	0.729455881066317	0.0033127992381251	0.00316540774659834	1.67651504060393	0.00710768006470728	0.00833613818115431	1.37327008387313	0.00594353776107919	0.0066131788710161	0.683282090032266	0.0030578581399294	0.00317056083910622	0.675695204572939	0.0029416722111333	0.00315812818806831	0.764899686510696	0.00342361029574834	0.00340351975786984	1.7984394048626	0.00732730617196969	0.00834096512856621
-640	0.899223480090209	0.00404738235946409	0.00426480372588159	0.73219250771109	0.00327419670463	0.00326015941972269	1.65975480653321	0.00698941985310433	0.00832165733891723	1.36590913087149	0.00603055327253992	0.00697637404928696	0.6838346363215	0.0032109636935281	0.00311527272252891	0.671765191242372	0.00279618540696386	0.00330006653359946	0.765276266414698	0.00342543670828274	0.00350945168486551	1.77283402774803	0.00722883644475745	0.00831200344409203
-630	0.89720032841759	0.00384668571354025	0.00376306211107198	0.732224703318676	0.00338649498388848	0.00315838910414469	1.64463335090497	0.00702079501128471	0.0082492531277317	1.35721169198966	0.00617431803060547	0.00677586004461659	0.683030932628068	0.0030557316739072	0.00312590505263993	0.666499736488796	0.00279263694832559	0.00314393435351519	0.766208301677102	0.00346470457777252	0.003484795115651	1.74159871570765	0.00707823568549168	0.00858424327814938
-620	0.898683972977511	0.00423135428489428	0.00376306211107198	0.732546659394532	0.0032110289225471	0.00331630855935193	1.6270090336555	0.0069363234315683	0.00815754112689677	1.34884323424757	0.00588678851447437	0.00638618188459681	0.682645824608299	0.00311952565457332	0.00328326353828304	0.662722345035144	0.00283876691062321	0.00299489909070748	0.76362872933469	0.00328936897446934	0.00343456877095479	1.70597855050388	0.00629627020468864	0.0089144064811551
-610	0.903809290548147	0.00438187676933716	0.00426480372588159	0.732772028647631	0.00301099761261794	0.00318997299518614	1.61102349484851	0.00704010280093418	0.00856300470953548	1.34656092759064	0.00636726546906187	0.00681369287568647	0.678543587006409	0.00301107588744091	0.0031088933244623	0.66157768095828	0.00283521845198493	0.00303393213572855	0.762263627182684	0.00338251601372415	0.00351493092246874	1.66158867897335	0.00637157058432153	0.00844522719267329
-600	0.90070712465013	0.00416445540291967	0.00474982062019754	0.736152567444116	0.00329876195321779	0.00344264412351772	1.59076223410525	0.0067142838505995	0.00809237733682984	1.33697935189576	0.00583382255097654	0.00694989106753804	0.679364034526787	0.00313015798468434	0.00319607843137267	0.655320184004756	0.00265779552007099	0.00309780439121756	0.761538710867481	0.00351310450993432	0.00347383664044455	1.6140049020522	0.00595452232789324	0.00837571914993524
-590	0.89720032841759	0.00391358459551486	0.00444877565131177	0.730711509762154	0.00334438312916655	0.00331630855935193	1.57797976225398	0.00714629564400622	0.00839647502380884	1.32669869127894	0.00584138911719051	0.00686287555607732	0.6788282320645	0.00311527272252891	0.00324498714988336	0.652229590997223	0.00278554003104903	0.00276779773785763	0.762225969192284	0.00347566305297896	0.00348662152818541	1.57004810243904	0.00582129857931198	0.00825408007514365
-580	0.896391067748542	0.00401393291847679	0.00461602285624831	0.727652927041525	0.00307065607347401	0.00346019072965185	1.56022136313195	0.00700631416904762	0.0080996177579484	1.31824798825192	0.00618566787992643	0.00690449167025419	0.67663479073451	0.00312590505263993	0.00318969903330606	0.648986376112774	0.0028565092038146	0.002874251497006	0.760531359624276	0.00339986693280103	0.00346744419657413	1.52111097577611	0.00583867558999649	0.00805714062071919
-570	0.892749394737827	0.00419790484390697	0.00419790484390697	0.725817777409147	0.0032355941711349	0.00344264412351772	1.54605337859751	0.00707147795911454	0.00837475376045324	1.31039356354067	0.00593975447797221	0.00707095612696166	0.673687877191928	0.00302596114959634	0.00312165212059553	0.644216942459173	0.00284586382789977	0.00312264360168551	0.76145398038908	0.0035057988597967	0.00340991220174027	1.46546123439393	0.00538687331219918	0.00776173143908247
-560	0.881554622149334	0.0038299609930466	0.00396375875699582	0.714517119146611	0.00267059345361568	0.00356547036645668	1.53118518872856	0.00690736174709412	0.00775207754425808	1.30443078038292	0.00631429950556403	0.00652238007644838	0.673721364845821	0.00317906670319504	0.00321734309159471	0.63727264705953	0.0026223109336882	0.00300199600798404	0.76367580182269	0.00358890063011226	0.00361538361186116	1.41674064368969	0.00494086337129667	0.00809768697898305
-550	0.878991963364016	0.00406410707995775	0.00426480372588159	0.706500412857804	0.00274779852060588	0.00329876195321779	1.52252945895515	0.0071221609069444	0.00817202196913387	1.29770722833952	0.00602676998943293	0.00646563082984356	0.675111102482379	0.003261998878061	0.00327263120817202	0.630748061821405	0.00267198935462411	0.00285296074517633	0.761821145795482	0.0034373083897564	0.00339438769519781	1.37067261847935	0.00531736526946113	0.00776752377597732
-540	0.88465678804735	0.00426480372588159	0.00418118012341332	0.700351051808959	0.00307767471592766	0.00338649498388848	1.51208597088087	0.00712216090694438	0.00770380807013444	1.29359496409279	0.00611378550089366	0.00637483203527584	0.673754852499714	0.00313228445070655	0.00309613452832908	0.628115334444617	0.00283166999334665	0.00324683965402527	0.765370411390698	0.00364551941867891	0.00356698367969936	1.32520006715539	0.00557222809283398	0.00731572149818001
-530	0.891265750177906	0.00471637117921023	0.00388013515452756	0.695231950202853	0.00294782983053505	0.00343562548106406	1.50347493506498	0.00708595880135164	0.00760244217447477	1.29131265743586	0.00640131501702476	0.00628781652381512	0.675831087041078	0.00320883722750589	0.0031599285089952	0.623918232829448	0.00266489243734755	0.00294522066977157	0.765285680912298	0.00349210076578863	0.00348296870311659	1.29228660143519	0.00559539744041333	0.00737943720402322
-520	0.89194013406878	0.00381323627255294	0.00398048347748948	0.6879879384961	0.0028776434059985	0.0032355941711349	1.49942268291633	0.00716077648624332	0.00742867206762958	1.2918266904667	0.00609865236846571	0.00609108580225173	0.676266426541687	0.00323648128579455	0.00323648128579455	0.624032699237135	0.00294522066977158	0.00315457972943002	0.76797822722591	0.00348753473445261	0.00345557251510047	1.2538514687685	0.00520731086845921	0.00669014911353757
-510	0.89369353218505	0.00423135428489428	0.00438187676933716	0.681902968662426	0.0029548484729887	0.00339000430511531	1.49869268161014	0.00739488343574303	0.00727179627672772	1.29322486031059	0.00617810131371246	0.00613648519953559	0.677003154927333	0.00319607843137267	0.0032130901595503	0.622659102344898	0.00286005766245289	0.00294522066977158	0.772064119184328	0.00350945168486552	0.00343639518348919	1.23403842854878	0.00583288325310166	0.0067249031349066
-500	0.896930574861241	0.0043317026078562	0.00396375875699582	0.676139954904609	0.00282500358759609	0.00371637117921026	1.49992921443491	0.00744797985727906	0.00719939206554223	1.29686421416894	0.00641644814945271	0.00596245417661413	0.675713880252453	0.00308550219821806	0.0032641253440832	0.624757653152482	0.00310490130849412	0.00296651142160125	0.771762855261127	0.00336059906331126	0.00347018381537574	1.21427952231872	0.00547375836562174	0.00613408477163319
-490	0.895851560635844	0.00416445540291967	0.00381323627255294	0.672373068817097	0.00316540774659835	0.00345668140842503	1.50390697665436	0.0076096825955933	0.00707147795911453	1.30624017665148	0.0069007083871472	0.00582625598476256	0.675981781483597	0.00314504324683977	0.00298768476119667	0.624910275029397	0.00276070082058108	0.00278199157241075	0.772233580141129	0.00354141390421765	0.00347840267178057	1.20139563277694	0.00568807483073073	0.00596610700168291
-480	0.899762987202908	0.00436515204884351	0.00416445540291967	0.669217899273711	0.00320050095886662	0.00298994168525698	1.51247331851272	0.00808755038941748	0.00684702490443956	1.31847416278549	0.00712013880735251	0.00618945116303342	0.676885948138707	0.0029536613048414	0.00312165212059553	0.628267956321532	0.00287070303836772	0.00279263694832559	0.773805801240336	0.00359529307398268	0.00337977639492255	1.20123323080792	0.00609353841336934	0.00589659895894486
-470	0.903674413769972	0.00473309589970388	0.00393030931600852	0.66609492533791	0.00303907218243256	0.00328121534708365	1.52649232318876	0.00816478154801534	0.00699183332681052	1.33095488477431	0.00720715431881324	0.00609486908535872	0.677555701216567	0.00303446701368516	0.00312803151866214	0.630748061821405	0.00292038145930362	0.00277844311377247	0.776667808510749	0.00354689314182087	0.00346105175270369	1.20578048594032	0.00601823803373644	0.00542162733356821
-460	0.914059925689418	0.00446550037180543	0.00436515204884351	0.664324166920704	0.00304960014611304	0.00326366874094952	1.54431031425415	0.00855817776212313	0.00696045816863014	1.34709552194271	0.00721093760192023	0.00607595266982378	0.676936179619547	0.00316843437308402	0.00309188159628467	0.636089827513437	0.00290263916611223	0.00275005544466624	0.776507762051549	0.00336699150718168	0.00348844794071981	1.21606594397788	0.00628468553089897	0.00515517983640567
-450	0.913520418576719	0.00463274757674196	0.00421462956440063	0.661426562238002	0.00319699163763979	0.00295133915176187	1.56869831707527	0.00908914197748333	0.00676496679842932	1.36529229123448	0.00761196561126098	0.00597758730904209	0.678895207372286	0.00324924008192777	0.00304084641175177	0.643339366666911	0.00314038589487691	0.00269682856509206	0.77454013205314	0.0034163046456107	0.00342634991454994	1.23198133694127	0.00634260889984734	0.00534632695393532
-440	0.921882778823546	0.00528501167599444	0.00388013515452756	0.667994466185459	0.00299696032771063	0.00325314077726903	1.59517203791407	0.00917120008349355	0.0068687461677952	1.38710785306336	0.00775951365243351	0.006004070290791	0.681791889434028	0.00341297796563749	0.00313441091672875	0.649215308928147	0.00303748059436683	0.00290263916611223	0.775500410808344	0.00362360246826601	0.00356881009223377	1.25401387073752	0.00656851003874599	0.0053115729325663
-430	0.935100703084659	0.00478327006118484	0.0038634104340339	0.671632569842629	0.0034145695537031	0.00304258150365939	1.6306739381723	0.009810770615632	0.00695321774751161	1.41091786305191	0.00802434346992268	0.00605325297118185	0.683148139416694	0.0031599285089952	0.00320458429546149	0.654938629312468	0.00305522288755822	0.00285296074517633	0.774916711957141	0.00357246291730259	0.00347201022791014	1.27783282619293	0.00673069547180144	0.00509146413056246
-420	0.952230053912836	0.00595400049574056	0.00439860148983081	0.672373068817097	0.00306363743102035	0.00322155688622759	1.66860421012255	0.0100303967228946	0.00656223500710998	1.44301408549761	0.00866750159811067	0.0061970177292474	0.683399296820891	0.00338320744132663	0.003053605207885	0.659898840312213	0.00316522510534487	0.00288844533155912	0.775660457267545	0.00355237237942409	0.0036455194186789	1.30820199439857	0.00695080427380526	0.00533474228014565
-410	0.955197343032678	0.00438187676933716	0.00391358459551486	0.675721412005997	0.00326717806217635	0.00299696032771063	1.71286612605507	0.0106482459916774	0.00712940132806294	1.47428785509397	0.00848590400897524	0.00576194017194376	0.687518278249727	0.00340234563552647	0.00308337573219585	0.663027588788975	0.00299844754934576	0.00284941228653805	0.775745187745945	0.00363638735600686	0.00362086284946439	1.34506724136478	0.00770960040702894	0.00542162733356821
-400	0.972056940304506	0.0056195060858675	0.004582573415261	0.683641531472047	0.00316189842537152	0.00294782983053505	1.75852845265661	0.0107713331506927	0.00710285311729492	1.51347773336527	0.00918959466687504	0.00588300523136738	0.693294898546265	0.00354694532503635	0.00320883722750589	0.662913122381288	0.00308715901530273	0.00289199379019739	0.775999379181146	0.00364460621241169	0.00355511199822571	1.39481637787278	0.00842205784509392	0.00571703651520491
-390	0.98122856122038	0.00486689366365311	0.00411428124143871	0.689919674951234	0.00339702294756896	0.00312680521310325	1.81174405807935	0.0113071243134653	0.00711492048582583	1.55240031446054	0.00937119225601047	0.00618188459681945	0.696425994185258	0.00333855165486034	0.00314929617888418	0.666576047427254	0.00298070525615437	0.00312974051896207	0.778531879035558	0.00364369300614449	0.00347931587804778	1.44229188681458	0.00864795898399259	0.00562435912488752
-380	0.998223035270382	0.00563623080636116	0.0043317026078562	0.695264145810439	0.00331981788057876	0.00322857552868124	1.87324294362948	0.0121904556899282	0.00704734322205272	1.59372857014014	0.00948469074922011	0.00640131501702476	0.701599836711723	0.00355970412116957	0.00322584895568353	0.671078392796253	0.00323619427811044	0.00295586604568641	0.782646014486776	0.00368844011323749	0.00347474984671176	1.50692787048221	0.00901866854526217	0.00530578059567146
-370	1.01386874153864	0.00523483751451348	0.00429825316686889	0.702572548732364	0.00357599833013716	0.00313733317678373	1.93632101567872	0.012332850638593	0.00709802616988257	1.63865505703563	0.0100597497814823	0.00624998369274523	0.708531781067569	0.00351717480072549	0.00317056083910622	0.678022688195896	0.00332135728542913	0.00309070747394101	0.786458886014794	0.00374871172687294	0.00351767054127035	1.58710030918553	0.00984697272122391	0.00558960510351849
-360	1.02776104969062	0.00523483751451348	0.00404738235946409	0.710492668198415	0.00367776864571516	0.00294782983053505	2.00771216382704	0.0128324396957729	0.00725248848707826	1.68504139773871	0.0101770315577989	0.0060683861036098	0.716886950713867	0.00365964802421316	0.00315142264490638	0.68748524456464	0.00333200266134397	0.00299489909070748	0.791872222134818	0.00380259089663799	0.00358524780504343	1.6752845783602	0.0102466439669677	0.00600086102305194
-350	1.04367650951523	0.00523483751451348	0.00409755652094505	0.72652608077603	0.00375146439147853	0.00306363743102035	2.08257454267621	0.0134092599115506	0.00740212385686159	1.73919991786809	0.0108391061015219	0.00633321592109897	0.724270978397268	0.00361286577172467	0.00329389586839406	0.69801615407179	0.00336393878908848	0.0028245730760701	0.796692444906041	0.00380989654677562	0.00340899899547307	1.77602793313864	0.0114804117255682	0.00611091542405384
-340	1.06161512101245	0.00551915776290559	0.00449894981279273	0.744555621023951	0.00415152701133686	0.00305310946733987	2.16205529713599	0.013942637600617	0.00742143164651103	1.7947771691626	0.0113006666405744	0.0064202314325597	0.734183323949589	0.00369579794659063	0.00313653738275096	0.704235495556086	0.00336748724772676	0.00311554668440896	0.801813931600464	0.00375784378954499	0.00353410825408001	1.88905970357248	0.0123666392704785	0.00582129857931198
-330	1.07186575615373	0.00543553416043732	0.0043317026078562	0.763132486600826	0.00407432194434666	0.00330578059567145	2.24816565529485	0.0145291117112194	0.00729110406637718	1.85508352434085	0.0117054779330222	0.00684017585743539	0.743576610866568	0.00375108606316794	0.00307912280015144	0.716063691017016	0.00356265247283209	0.00303038367709027	0.80530671021008	0.00370579103231436	0.00345739892763488	2.02439467775093	0.0136872920825016	0.00630785487847831
-320	1.08872535342555	0.00545225888093097	0.00376306211107198	0.787729930796203	0.00481829804443407	0.00297239507912284	2.34275296739703	0.0152531538230743	0.00743832596245433	1.91956382772952	0.0122048713031446	0.00659804573858815	0.754543817516518	0.00368303915045741	0.00319820489739487	0.728731306800979	0.00370459081836324	0.00301264138389888	0.813902146518919	0.00384733800373098	0.00348844794071981	2.17077298582235	0.014173848381668	0.00666118742906339
-310	1.10531519714103	0.00585365217277864	0.00428152844637524	0.808946836195096	0.00440419813966844	0.00312680521310324	2.43525456148151	0.0155886266682337	0.00775690449167047	1.98883491896563	0.0126285990111273	0.00692340808578913	0.763551996413729	0.0039892502576548	0.00307699633412924	0.740902901484969	0.00376846307385226	0.00287779995564428	0.818157499434138	0.00376971547101865	0.00349118755952142	2.32765328789	0.0153960314664789	0.00709561269617619
-300	1.12109578018746	0.0058703768932723	0.00466619701772927	0.834027214504257	0.00462177605573174	0.0033900043051153	2.54262434543496	0.0170439513130619	0.0081406468109535	2.06236220369711	0.0137068346966189	0.00706717284385468	0.775925684527183	0.00409982649080941	0.003157802042973	0.756775576684152	0.00372233311155463	0.00283521845198493	0.824173363400566	0.00377245508982027	0.00349210076578863	2.49833775732387	0.0163749364017065	0.00714774372822972
-290	1.13107666177239	0.0058703768932723	0.00414773068242601	0.858624658699634	0.00474811161989753	0.00350932122682744	2.65088800853883	0.017545953843948	0.00884779460686507	2.13963164889311	0.0141192125552806	0.0073168695289159	0.78809844671728	0.0038318917720117	0.00321946955761691	0.77444155893709	0.00369039698381012	0.0032929696163229	0.830443418802194	0.00387656060428151	0.00362816849960203	2.66701926913989	0.0168151540057143	0.00784861649250503
-280	1.16034492263628	0.00658953987449937	0.00453239925378004	0.888019248425262	0.00507096917276566	0.00319348231641297	2.76318902580552	0.01854995890572	0.00883814071204033	2.22477608012158	0.014951534838818	0.00782004618214532	0.798881471270818	0.00394246800516631	0.00337044864519341	0.790161612259358	0.00387491683300062	0.00315103127079174	0.834124487363811	0.00379071921516434	0.00378980600889713	2.83245274157562	0.0176260811709916	0.00830041877030235
-270	1.1788230412462	0.00640556794906919	0.00493379254562772	0.918218728340529	0.00500780139068277	0.00318646367395932	2.88454801846331	0.019143673437441	0.00959838492948792	2.31397109163309	0.0154963276062243	0.0077632969355405	0.810685869268093	0.00405091777229872	0.00350228953857006	0.807217107004634	0.00406653359946768	0.00355555555555553	0.837155955591025	0.00392496053644332	0.00363182132467084	3.01147384541888	0.0181531838284219	0.00921560799968664
-260	1.20053820253232	0.00668988819746129	0.0050508655890833	0.951863138267452	0.00518677677325097	0.00371988050043709	3.0138327395883	0.0207244987149907	0.00985904008975563	2.41494774021147	0.0165783465748229	0.00802812675302967	0.819442890761106	0.00417212633556435	0.00341297796563749	0.821639874373123	0.00410201818585048	0.00345619871368373	0.839603724967036	0.00376880226475143	0.00369665896964232	3.19060321724147	0.018796133223749	0.00971374897264265
-250	1.21753267658232	0.00657281515400572	0.00510103975056426	0.978778666208991	0.00533767758600455	0.00355143308154937	3.15223502804776	0.0212699437725881	0.0103224270413427	2.51773378505841	0.0168393931092051	0.0085010371414032	0.831180313450594	0.00422741445214166	0.00352780713083651	0.833964090934028	0.0039636282989576	0.00341361721002438	0.840997070611842	0.00384551159119657	0.00368296087563427	3.35370892812134	0.0185818167586399	0.0113529803138817
-240	1.2426197573228	0.00709128148930895	0.00473309589970388	1.01013718799734	0.00531662165864358	0.0039128931679126	3.29687957257445	0.0225273635735085	0.0105999765175537	2.62736674987615	0.0176981983744914	0.00905717975813045	0.843872134276032	0.00434862301540729	0.00368516561647961	0.849493366910152	0.0041304058549567	0.00358394322466176	0.845139449555861	0.00392678694897773	0.00372770798272726	3.50544650117022	0.0195954757152367	0.0117468592227307
-230	1.28294791399701	0.00772682086806776	0.00541880943994367	1.04609968167042	0.00593777151579197	0.00397957027122232	3.44944984556834	0.0235892920042281	0.0113336725242333	2.74438122901677	0.0188974991194067	0.00935605912358252	0.858439263719477	0.00461868420022721	0.00366177449023537	0.86170311706337	0.00407008205810597	0.0036442670215125	0.850929365579887	0.0041030357585481	0.0038281606721197	3.6530157570144	0.0200067316347702	0.0124940706821649
-220	1.31005814641011	0.00720835453276452	0.00528501167599445	1.078295289256	0.0061869333228967	0.00430593714531727	3.61982321164177	0.025826582129858	0.0117246552646349	2.8695996753296	0.0197298214029441	0.00968520475389049	0.870846439486824	0.00458040781182754	0.00366177449023537	0.878148124300985	0.0044320248392104	0.00347394100687512	0.858978761027924	0.00421353371687978	0.00383181349718851	3.78964994694496	0.0204237798911985	0.0132239051309145
-210	1.35025142630615	0.00802786583695351	0.0050843150300706	1.10987918029744	0.00602199522523583	0.00411994312029542	3.80859559022838	0.0274773981448857	0.0120673685309129	3.01192514090883	0.021364199705163	0.00972682086806736	0.889432087397426	0.00483345726846983	0.00379574184963423	0.894593131538601	0.0044497671324018	0.00359104014193832	0.863573035856745	0.00409390369587606	0.00384003235359335	3.92487665314407	0.0213621384681623	0.0146661970177293
-200	1.39017495264584	0.00822856248287735	0.00533518583747541	1.1452299574264	0.00665016372483787	0.00423926004200755	4.01879127245381	0.0295867741640879	0.01266349653634	3.16967159741328	0.0222267882535568	0.0100219169504124	0.909491192079318	0.00514179484168942	0.00384039763610051	0.913556399745318	0.00449589709469942	0.00376491461521398	0.870841028003978	0.00424092990489591	0.00383729273479174	4.06042816328121	0.0224974364995503	0.0151179992955266
-190	1.44453029425021	0.00934911875595209	0.00510103975056426	1.19040039486896	0.00694143738666451	0.00438314221230748	4.24862250001718	0.0315344474449762	0.0130399984345046	3.34230445049088	0.0237628011949949	0.0108807222156987	0.932664648573257	0.0052863945311993	0.00371280967476827	0.937670656297924	0.00502461743180296	0.00399556442670211	0.879671826752818	0.00435416748202919	0.0038729077792127	4.20502004969346	0.0243509843058979	0.0164618214551291
-180	1.49888563585458	0.00938256819693939	0.00535191055796906	1.24217093186656	0.00795914054244437	0.00453404302506106	4.50394418135385	0.0340299792571675	0.0135854434921019	3.57752596540365	0.0296722894081141	0.0104532112246091	0.96201657721045	0.00579887284255049	0.003887179888589	0.956404991689268	0.00480106453759139	0.00395653138168104	0.886224317082448	0.00425828082397276	0.00388295304815193	4.37332262358178	0.0272008140581574	0.0159463034714885
-170	1.54932955089189	0.00980068620928072	0.00541880943994367	1.29574442288895	0.00817671845850765	0.00479724211707312	4.79038775511158	0.0365062032797094	0.0141043403389312	3.84449416030112	0.031692562587247	0.0108618058001638	0.989610404018262	0.00576272292017302	0.00387867402450019	0.982274399826398	0.00537946329563085	0.00401685517853178	0.895667058175291	0.00441991833326787	0.00379528524650035	4.60523263533398	0.0311280184728565	0.0174928574224103
-160	1.6194654755427	0.0109212424823555	0.00583692745228499	1.35704485973188	0.00910317926238996	0.00497972682086815	5.1796274311696	0.0453250362020945	0.0148114881348428	4.13101617169176	0.0334366560995697	0.0115844128735985	1.02418640666276	0.00636876573650119	0.0040934470927428	1.01123440097106	0.00583366600133059	0.00407008205810596	0.905806472090537	0.00451945781639311	0.00386012289147184	4.88813686535664	0.0354433094595095	0.0179272826895232
-150	1.68609460396096	0.0108376188798872	0.00597072521623421	1.43138451764697	0.0101665035941186	0.00496919885718766	5.62306597971585	0.0502340417204663	0.0149032001356777	4.43914813169892	0.0361265703886399	0.0120497566957581	1.06380230121815	0.00662394165916568	0.00409982649080941	1.04851229440761	0.0061033488578398	0.00409846972721218	0.921218004661808	0.00461169164938071	0.00388386625441914	5.24780309273334	0.0411661383116077	0.0184833470314277
-140	1.77983396479232	0.0133630516744288	0.00577002857031038	1.51177694978814	0.0103244230493258	0.00495867089350718	6.11729176199288	0.0540859457555309	0.0160013306719909	4.76356465812311	0.0383019581751595	0.0121443387734328	1.10936225433954	0.00691739397022985	0.00408706769467619	1.10147208569719	0.00675981370592145	0.00418718119316916	0.936507148764278	0.00475871785840056	0.00393135298031374	5.74090960465005	0.0495534421353355	0.0187729638761696
-130	1.88072179486694	0.0135302988793653	0.00600417465722152	1.59158986099277	0.0102366900186551	0.00542541061667523	6.65408108981667	0.0586691323235684	0.0164888523606399	5.1175894871237	0.0416425971586321	0.0129842276231842	1.16600662089951	0.00758297783517973	0.00401476784992125	1.15736984811739	0.00721756487025945	0.00414105123087154	0.952540038177151	0.00489478559221394	0.00405006979505027	6.36935109074526	0.0570661030879429	0.0190394113733322
-120	1.98686981929037	0.0141658382581241	0.00612124770067709	1.6439721145345	0.00875224713970727	0.00557982075065561	7.24781051952342	0.0648741732221593	0.0172128944724947	5.48600724098782	0.0438671676255425	0.0132452741575663	1.24902251490019	0.0088652368465688	0.00420402332589741	1.22326434347554	0.00783854513195832	0.00446396096695491	0.970606459071633	0.00511760792141173	0.00402084719449974	7.11071607929502	0.0628410629720989	0.0191668427850186
-110	2.10785428931301	0.0141825629786178	0.00690730956387877	1.88553575824905	0.0193925090994484	0.00549910636243859	7.88267328813623	0.0690856848394452	0.0183472271144006	5.86824220272093	0.0465495153483988	0.0139186985506102	1.3342820817117	0.00913955096343313	0.00433161128722966	1.30121596711	0.00868662674650704	0.00443912175648696	0.991421913265328	0.00528655108084447	0.00405372262011908	8.02693385448331	0.0721261790145276	0.0195027983249192
-100	2.24219156037493	0.0164738496862482	0.00674006235894225	2.49618984732467	0.037023338943026	0.00570966563604821	8.55552592064269	0.0723631821324385	0.0193439917550541	6.2501481833143	0.0478169151892407	0.0147699372496826	1.42551919474311	0.00981364069247183	0.00439753173391799	1.37718350634455	0.00835307163450878	0.00476203149257034	1.01828147491825	0.00546736592175086	0.00406924712666155	10.0691927488257	0.135621776055771	0.0209045438534701
-90	2.387453850469	0.0165909227297038	0.00744250061967566	3.01579475814827	0.0324085815297489	0.00633081549319661	9.25458411024286	0.0762947307998073	0.020543488187027	6.63402805074609	0.0497917889710897	0.0157044081771087	1.51868184787337	0.0101411164598913	0.0045612696176277	1.55178293353556	0.0133528498558436	0.00459880239520951	1.05780353584323	0.00607464808944148	0.00410577537734971	12.2310336263523	0.131793041368281	0.0212057453720017
-80	2.53473929223568	0.0177616531642595	0.00782716919102968	3.4931590318196	0.032261190038222	0.00663963576115738	9.95852883919876	0.0776221413382069	0.0216826477763451	7.01235636144481	0.0506241112546276	0.0163702660039386	1.61641556576001	0.0106812388295311	0.00482495140438101	1.75259516808675	0.0142931913949874	0.0048188068307828	1.10255064293624	0.00635956844480912	0.00408385842693681	14.6193169826747	0.143748424719232	0.0223584204140742
-70	2.66503025995237	0.0165072991272355	0.0076766467065868	3.97464434326188	0.0329560356411337	0.00681159250127192	10.6392625062149	0.0773976882835325	0.0225563252579827	7.37257014813672	0.0507224766154094	0.0177776473197382	1.71356324970353	0.0108938854317514	0.00504610387069024	1.94932476743046	0.014236416056775	0.00525881570192937	1.14667639318764	0.00630294965624246	0.00423271104849108	17.1738458212782	0.155929709209082	0.0247738248992209
-60	2.7982885167889	0.0166076474501974	0.00789406807300429	4.46218242893025	0.0337772168082113	0.00697653059893278	11.3006287916382	0.076941541753064	0.0239271783230935	7.70691779271674	0.050484129779669	0.0185683534890987	1.80836679787454	0.0111554407524824	0.00513754190964501	2.14315455111278	0.0144954535373693	0.00525171878465281	1.18679156746142	0.00629747041863923	0.00431033358120341	19.8386997308321	0.166066298775053	0.0271602676998936
-50	2.92938874517463	0.0165909227297038	0.00806131527794082	4.95052540478826	0.0344334598776278	0.00745730760700809	11.9069470193803	0.0744170482563982	0.0261572280276048	8.01239734228477	0.0488573180436631	0.0194612083023479	1.89823091709634	0.011204349470993	0.0055479498519304	2.33400820819526	0.0145238412064755	0.00586560212907509	1.22817769891121	0.00640614196443651	0.00456968416108933	22.5140556343822	0.172426284685588	0.0309716253766958
-40	3.05563340954607	0.0156543383820592	0.00847943329028214	5.43603516717873	0.0342299192464719	0.00805740153679551	12.4413377714838	0.0708764823294309	0.0282086806778585	8.28721996189348	0.0473515713670807	0.0206869920290121	1.98226818454076	0.0112064759370152	0.00565427315304061	2.51581901907051	0.0146302949656239	0.00628432024839205	1.26353855189697	0.0061951913167124	0.00445735979022324	25.0829841142383	0.175907479159388	0.035814019020779
-30	3.17324596011435	0.0163567766427926	0.00976723676829341	5.88519608860509	0.0335350736435601	0.00861187429063421	12.8977822616689	0.0664767197630631	0.0305545771202665	8.52061151921646	0.045263199092022	0.0227413147561075	2.05800051381972	0.0109364147521955	0.00607106049339261	2.68984611422309	0.0151838545131953	0.00651851851851844	1.29617861507632	0.00614496497201619	0.00466831043794736	27.4437132698179	0.170995577472563	0.0422666823216269
-20	3.26091586592785	0.0148515517983639	0.0100348322961919	6.35905104104959	0.0367636491722409	0.00870662596375853	13.2684590473695	0.0618283694049588	0.0335714192529932	8.71051588213032	0.0433904739540617	0.024924269108841	2.12286609941041	0.0107705504024636	0.00653463008623311	2.85326598893006	0.0144990019960076	0.00761499223774672	1.33059801830208	0.00646367395927037	0.0047705895398742	29.5007507433406	0.16454291417171	0.0504338773433509
-10	3.33064716024413	0.014751203475402	0.0106369222339634	6.94803748622011	0.0451474175831313	0.00763277366834944	13.5577034424653	0.0576313386299104	0.0362407211720294	8.85448625340824	0.0397509556051368	0.0264829817489211	2.18123508014586	0.0108258385190409	0.0072065933492496	3.00081318843784	0.0143322244400085	0.00744466622310933	1.36391592530863	0.00680156027813583	0.00507560043312034	31.2387224817397	0.151272670345631	0.0573035889006317
0	3.3595107907735	0.0125937145317207	0.011523332420127	7.36558232099743	0.0304433616427261	0.0219894068073005	13.7373582537175	0.0518269343665457	0.0439759044003398	8.93428474111597	0.035305597954423	0.0316055470757863	2.21721756425387	0.00973283498362807	0.00867385490457043	3.10348955613257	0.0124125083166998	0.0103473053892217	1.38025007864471	0.00588926721719907	0.00556690540487607	32.2183311588331	0.108606316778233	0.0826624398262412
10	3.35627374809731	0.0118745515504937	0.0134299505564034	7.14105015369565	0.00967168930113593	0.0412275057727643	13.7132235166556	0.0416420753264623	0.0511053057283974	8.91557393879336	0.028904282937395	0.036917276558001	2.20769032672131	0.00760424249540177	0.00983065242064946	3.05858056885026	0.00826436016855183	0.0139667332002658	1.37509093395988	0.00530572841245574	0.00634313073199945	31.9440342331682	0.0699019216469084	0.128439278306168
20	3.30812273828897	0.0105365739110014	0.0138982427302257	6.64359582089093	0.0102507273035624	0.0352020012263029	13.5597742624971	0.0384683574028343	0.0552444131344976	8.81669454498081	0.026535947712419	0.0391191473262695	2.17741748760206	0.00727251379593793	0.0102495662270237	2.9416722111332	0.00828919937901977	0.0140909292526056	1.35299510809258	0.00491304971755804	0.00632760622545699	30.8178848460345	0.0626035771594101	0.14744393565814
30	3.25997172848063	0.0101017311781665	0.0155539900590973	6.22637294218946	0.0102331806974283	0.0325314077726878	13.3260397626435	0.0348819354754494	0.0600617066520346	8.68374504188413	0.0250377676020507	0.0422895385699275	2.13179055917289	0.0067408972903869	0.0105727890623987	2.81118050637068	0.00751918385451318	0.0143783544023061	1.32480810227805	0.00479250649028711	0.00625546293034786	29.2698151434025	0.0520267699894323	0.158634730538972
40	3.16313020175125	0.00975051204779976	0.0153700181336671	5.82701862569799	0.0096260681251872	0.0336965024199941	12.994708557548	0.0321667775559956	0.0643576898490368	8.50469705658163	0.0234147391491518	0.0442644123517765	2.07263461857095	0.0062709482994798	0.0106961240916865	2.66382408420903	0.00678820137502768	0.0144102905300506	1.29563257421552	0.00473497449545324	0.00643445135871984	27.3423744411532	0.0448906109349891	0.166726625181065
50	3.06156798778576	0.00951636596088862	0.0156543383820592	5.39746482929125	0.00913827247465825	0.033840384590294	12.5730359663149	0.0296326301645055	0.0684871433603119	8.28281983914947	0.0214663483490517	0.0465343822159709	2.00331517501249	0.00599025478454886	0.0111065320339717	2.49391777973317	0.0061885118651585	0.0147509425593253	1.26272890510337	0.00473040846411723	0.00633947790693059	25.0828217122696	0.0384205706234554	0.172941802669229
60	2.9550153330278	0.00826201192386465	0.0156710631025529	4.94122087419607	0.00828550741653927	0.0344159132714937	12.0735958889936	0.0275522158297773	0.0728748385581485	8.02444627652765	0.0202254314899595	0.0489443335551238	1.92028253718486	0.00553944398784159	0.0111681995486156	2.31576989390388	0.00590463517409617	0.0144599689509865	1.2261912399176	0.00448201635943775	0.00644175700885747	22.5592575157582	0.0330163203005731	0.172686939845856
70	2.84037007157937	0.00886410186163616	0.0171930126674753	4.45960678032344	0.00752047538909099	0.0351318148017664	11.4981164919417	0.025174944229189	0.0768377623836981	7.72807539226612	0.0192304280328216	0.0498901543318715	1.83366672039068	0.00532041798755457	0.010889632499707	2.12396235009069	0.00561721002439556	0.014963850077622	1.18823198559423	0.00437151840110607	0.00643810418378865	19.9025237046551	0.0289674768110825	0.165087393839825
80	2.70873033608094	0.00786061863201698	0.0172264621084626	3.96807643931446	0.00734500932774965	0.0332859118364556	10.8639986226209	0.0243422958005566	0.0779431333411285	7.40365886584193	0.0181938084615069	0.0502041668297517	1.7420779869934	0.00522260055053318	0.0109236559560622	1.92364613663947	0.0053865602129074	0.014949656243069	1.14619625381004	0.00427289212424804	0.00639153066416123	17.2440576058824	0.0256948064654999	0.158710030918606
90	2.57061651523013	0.00762647254510585	0.0176613048412975	3.48086030972195	0.00670982218569391	0.0343071243134621	10.1908480303977	0.0229159328402036	0.0769198204897078	7.05584355585389	0.0170663900956244	0.050835975108619	1.64447821972232	0.00473989276349285	0.010638709509087	1.71856048953465	0.00504945664227092	0.0150383677090259	1.10176923963543	0.00435051465696037	0.00640888158323811	14.6605670828047	0.0245363390865326	0.147252788540611
100	2.41537334355114	0.00660626459499302	0.0167581699346403	2.94847374268687	0.00639749259650632	0.0388411673385222	9.51298967464875	0.0213061458781808	0.0765674533286055	6.68267613678481	0.0158065568209973	0.0498371883683736	1.54933979501238	0.0046633399866935	0.0102516926930459	1.50698841266094	0.00466267465069852	0.00924018629407858	1.05529927948162	0.00412951874029701	0.0057824220839362	12.2189076126662	0.0226190755743418	0.143499354232754
110	2.27415735680231	0.00755957366313124	0.0162229788788434	2.29197310840939	0.00589916898229689	0.027649941946172	8.81840088080077	0.0202635252371099	0.0736037076174153	6.30196271282299	0.0152012315238792	0.0486492374727786	1.45795198753846	0.00467397231680452	0.00991783752755983	1.42090967408075	0.00465912619206024	0.00937857618097148	1.02593546146709	0.00407837918933359	0.00558060349888413	9.93093453920506	0.0216401706391145	0.0974908222770339
120	2.13509939850428	0.00648919155153745	0.016340051922299	1.90169795325705	0.00555876482329465	0.0110648898281863	8.1449970228182	0.0193753669132346	0.0698362751620671	5.92316149173589	0.014637522340938	0.0468446114307441	1.36636325414117	0.0046101783361384	0.0096435234106955	1.33097723310845	0.00438589487691277	0.00903437569305841	0.999687842158167	0.00406011506398951	0.00526646054296597	8.59842638344429	0.0207481507573095	0.0790769832883357
130	2.00534793790029	0.0064724668310438	0.0131790797489986	1.81740985259803	0.00570264699359455	0.0127914758717856	7.49982484800366	0.0181879378497926	0.0655644267021267	5.53979565733494	0.0137862836418657	0.0446692236442246	1.27408802383908	0.00432097895711864	0.00867598137059264	1.24447878436674	0.00437170104235966	0.00822887558216903	0.979832666719676	0.00407107353919596	0.00499432507533919	7.60744956851989	0.0206091346718334	0.0734236624789718
140	1.9043252310475	0.00657281515400572	0.0125100909292525	1.71093897831255	0.00563596989028485	0.0121352328023689	6.89384927393589	0.0170294704708248	0.0611139811879292	5.17154239404069	0.0134684878608787	0.041703129688344	1.20378069449078	0.00418488513169758	0.00786579781613287	1.17251756940121	0.00413750277223325	0.00726369483255709	0.963008959508399	0.0040336320822406	0.00499523828160639	6.74422896921982	0.0200704473406134	0.0618100270048172
150	1.82137601247011	0.00653936571301841	0.0121755965193794	1.60784864282355	0.00525345387656069	0.0114228405933228	6.33976338455111	0.0167205458364334	0.0565573428306599	4.82047839529774	0.0128518127144396	0.0392175126870512	1.14969813345363	0.00416149400545333	0.00735544597080389	1.1192525343578	0.00424040807274334	0.00710046573519626	0.944387083255514	0.00389299831709119	0.00478428763388227	6.07042319977996	0.0195780987045522	0.0523221791710689
160	1.74530550957962	0.00638884322857553	0.0113895346561777	1.51306477409163	0.00518677677325097	0.0105420009653891	5.83208472105996	0.0158999647763313	0.0520079448945091	4.49005796307334	0.0122805369652844	0.0358239077400807	1.10055500136569	0.00413810287920909	0.00705986719371752	1.06850576028348	0.00411621202040359	0.00607496118873357	0.928137660397839	0.00397427367487233	0.00464274066246564	5.54397015022567	0.0196939454424489	0.0429154240538483
170	1.67341618681254	0.00605434881870248	0.0107707199979126	1.43167427811531	0.00517624880957048	0.00943656477893857	5.37079838547661	0.0155837997208212	0.0421489048047606	4.1766211821879	0.0115427967594217	0.0340684643784371	1.05626757909223	0.00402752664605447	0.00643468618318951	1.03550127940057	0.00421202040363712	0.00567398536260802	0.917866443516193	0.00387838701681591	0.00448749559704097	5.14803414976913	0.0186976634965367	0.0367929239560063
180	1.60651730483793	0.0058703768932723	0.0108877930413681	1.36599523864074	0.00500780139068276	0.00876277510338778	5.03237573912096	0.0147849399240748	0.038593858035556	3.8907982557192	0.0117395274809851	0.0320671076148391	1.02051950856148	0.00390631808278884	0.00612634860996992	1.00635050090976	0.00428653803504097	0.00561721002439555	0.906898553812142	0.00398340573754437	0.00438339008257971	4.85067614450421	0.0183790849673206	0.0318868146060801
190	1.5375952711907	0.00533518583747541	0.0100682817371792	1.30504895348125	0.00442876338825623	0.00825392352549783	4.7266690696713	0.0138316178101326	0.0357314782200251	3.62413848064024	0.0109374714623036	0.0258133406389838	0.987684863919413	0.00401051491787684	0.00586266682321661	0.973231553619154	0.00376846307385226	0.00475138611665549	0.899028033818507	0.00391491526750408	0.00434046938802114	4.62206830612197	0.0174638957379362	0.0285678055653387
200	1.47609146034307	0.00520138807352618	0.00934911875595209	1.24732222908032	0.00465335994677319	0.00731693475793501	4.45767103733294	0.0136047512817514	0.0328739253519065	3.43487151868462	0.0108391061015219	0.0244362255880393	0.958500373551685	0.00379574184963423	0.0054947882013753	0.95609974793542	0.00384652916389439	0.00516300731869584	0.891458777748072	0.00398888497514761	0.00439708817658778	4.43514363978669	0.0170410551446129	0.0264304332511442
210	1.4286148344256	0.00560278136537385	0.00906479850755999	1.20192642238467	0.00453755234628789	0.00734851864897645	4.21605550296965	0.0129386325388449	0.0301684213272776	3.2613750901152	0.0100862327632312	0.0227867141533914	0.934992040518817	0.00382976530598949	0.00520133589031114	0.930230339798289	0.00367620314925701	0.00487913062763353	0.883767133208837	0.00399253780021641	0.00432129205640984	4.25200835272842	0.015465539509217	0.0242583069155805
220	1.37628264449385	0.00474982062019754	0.00811148943942178	1.15585450792971	0.00429891850286362	0.0066536730460647	4.00241838601504	0.0127093525367575	0.0285586343652549	3.10582869498275	0.00981761966263507	0.0214587817828377	0.912036253775182	0.00365539509216876	0.00512265664748959	0.90813832311481	0.0035945886005766	0.00446396096695491	0.876461483071204	0.0038509908287998	0.00417883187872602	4.09328749501193	0.0144808422370944	0.0230129544831907
230	1.34054029827757	0.00538535999895636	0.00745922534016932	1.11847540752286	0.00424978800568803	0.00626062906866006	3.8023384361754	0.0120866763205623	0.0270091842458867	2.96002836611504	0.00979113668088616	0.0202102983575316	0.893433862037634	0.00368729208250182	0.00495041289969105	0.896462749530796	0.00381814149478816	0.00439299179418933	0.87118936441518	0.00393500580538257	0.00412221309015938	3.9478835987546	0.0139305702320848	0.0222194043285981
240	1.31680198531884	0.00548570832191828	0.00765992198609315	1.08438025908974	0.00385323470705653	0.0059132062672042	3.62304117658343	0.011686039685336	0.0255731673907089	2.83047148102191	0.00947334089989915	0.0193439265260313	0.875735636955197	0.0036277510338801	0.00470161637509317	0.879674343070121	0.00362297626968283	0.00441783100465728	0.865418277386354	0.00383090029092131	0.0040811188081352	3.79614602570572	0.013530898986341	0.0205222496184108
250	1.28025037843352	0.00518466335303253	0.00697420844585338	1.05421297478206	0.0040918685504808	0.005916715588431	3.45371066951883	0.0115967411582072	0.0239971690605728	2.70663064323173	0.00887558216899503	0.018485121260745	0.860482010606946	0.00375533899521235	0.00448046390878395	0.863534579586336	0.0036620093147039	0.00444621867376352	0.861454773896736	0.00376514943968263	0.00407472636426478	3.64538286447093	0.012094399436421	0.0199140542444527
260	1.25988398492915	0.00516793863253887	0.00650591627203111	1.02002123952618	0.00382165081601508	0.00582898255776034	3.29737120610726	0.0108702855726462	0.02300040441992	2.59210408396038	0.00880369978996225	0.0176111828630307	0.846082319432966	0.0035724629173028	0.00435712887949611	0.846669862187203	0.00338168108227987	0.00415169660678637	0.858319746195921	0.00383090029092131	0.00396148878713149	3.48855669639294	0.0112487182497746	0.0197402841376076
270	1.2410012359847	0.00511776447105791	0.00652264099252476	0.986537807637185	0.00361109154240544	0.0055131436473459	3.15010461607263	0.0102813979883376	0.0215619740910361	2.48329357199198	0.00812270883070438	0.0166426623876417	0.833892813415923	0.0035767158493472	0.00436350827756272	0.835375843295477	0.00359813705921488	0.00426879574184957	0.853998491797502	0.00375053813940735	0.00397883970620835	3.3199293185666	0.0103335290203903	0.0192305584908618
280	1.21564440168787	0.00510103975056426	0.00607107353919613	0.954535373697126	0.00342158819615675	0.00553770889593369	3.01208967524503	0.00942461482264276	0.0201549189203316	2.38496933385274	0.00815675837866727	0.0159465382959559	0.819727535819194	0.00338746037337104	0.00422103505407505	0.819465012627065	0.00344555333776889	0.0041126635617653	0.851917887827892	0.00372862118899447	0.00389025869828957	3.13841805119846	0.00952839419200786	0.0183095769245825
290	1.19352461006723	0.00474982062019753	0.0067567870794359	0.920021682365392	0.00351984919050792	0.00538680808318012	2.88240270850233	0.00913017103048844	0.0194767328088942	2.29229945905275	0.00768763127340074	0.0155341604372942	0.806951995859024	0.00330027526646067	0.00407430889854296	0.800616210828034	0.00312974051896208	0.00389975604346858	0.847285955008671	0.00366195713148858	0.00397701329367395	2.9700072093308	0.00929090837931954	0.0182806152401083
300	1.16708876154501	0.00478327006118484	0.00658953987449937	0.884123579907479	0.00312329589187642	0.00524643523410703	2.758570650195	0.00885262155427743	0.0179948599532979	2.20409139096046	0.00764979844233085	0.0149326184232831	0.794611795399462	0.00323648128579455	0.00413172348114247	0.78508693485191	0.00316167664670659	0.00394588600576621	0.841938520371847	0.00361264399305955	0.00379071921516433	2.78465242869599	0.00808030996829853	0.0172843332941962
310	1.13916926846286	0.00473309589970388	0.00593727577524691	0.854213860460482	0.00309171200083497	0.00456211759487568	2.64767004359734	0.0085774855517726	0.0173383951052162	2.11808338424017	0.00718445462017131	0.0138657325871124	0.782673446786616	0.00326625181010541	0.00396798559743276	0.774899424567819	0.00339587491683299	0.00372943002883119	0.837513706499827	0.00360990437425795	0.00389482472962559	2.60887936423302	0.00762850769050122	0.0167050996047123
320	1.12082602663111	0.00441532621032447	0.00550243304241193	0.833093541884346	0.00326366874094952	0.00446736592175134	2.5403747495731	0.00813099291612878	0.0167760557316756	2.04175975982092	0.00698015733239395	0.0130031440387191	0.77011557657675	0.00327263120817202	0.00384677703416712	0.763262006453033	0.00319006431581281	0.00367620314925701	0.831422526552599	0.00360351193038752	0.00380807013424121	2.43960237853061	0.00752424562639415	0.0149326445148918
330	1.11637509295135	0.00471637117921023	0.00595400049574056	0.809333183486194	0.00329174331076414	0.00443929135193672	2.43617823660371	0.0078486164925054	0.0158782435129756	1.97074095627995	0.00686287555607732	0.012723181088802	0.761777150757399	0.00334280458690475	0.00386804169438917	0.7508996344229	0.00315103127079175	0.00365136393878906	0.826470500814976	0.00360259872412031	0.00376149661461381	2.29571423398409	0.0073620601933387	0.0149094751673125
340	1.09519943877793	0.00423135428489428	0.00561950608586751	0.790466557441048	0.00334087380793972	0.00418662022360514	2.34086092319534	0.00824442618031937	0.0149949121365126	1.90099695465546	0.00668127796694188	0.0121065059423629	0.751797829897292	0.00317268730512842	0.00389568575267782	0.742047565561817	0.00308715901530273	0.00369749390108669	0.821358428618153	0.00350397244726228	0.00386377571654065	2.14884872000563	0.00658009471253567	0.014208602403037
350	1.07807008794976	0.00431497788736255	0.00556933192438655	0.767865240915976	0.00298292304280332	0.00414099904765638	2.25241158125951	0.00777379880761373	0.0148332093981984	1.8371334909038	0.00657912932305321	0.0113838988689282	0.742287336191687	0.00318969903330606	0.00374683313112353	0.723313230170473	0.00292747837658018	0.00352007096917275	0.813685613074118	0.00342543670828274	0.00389665114216	2.01243106603375	0.00658009471253566	0.0135598606708151
360	1.0640429030196	0.00416445540291967	0.0056195060858675	0.753280630679712	0.00313031453433007	0.00426031596936851	2.16552652783694	0.00719697859183605	0.0140802056018694	1.77861597067288	0.00638239860148982	0.0112250009784347	0.734032629507068	0.00319820489739487	0.0037276949369237	0.713888829270957	0.00300199600798404	0.00358394322466176	0.80758501862929	0.00345648572136767	0.00384003235359336	1.87530967019615	0.00607616140268482	0.01230871590153
370	1.0432718791807	0.00424807900538793	0.00560278136537385	0.731967138458063	0.00302152557629842	0.00406028465943935	2.08315556412408	0.0072042190129546	0.013508212333504	1.72087978064884	0.00603433655564691	0.0105629264347117	0.723684944454139	0.00308124926617365	0.00374045373305692	0.697749065787172	0.00289554224883567	0.00352007096917275	0.799799229114055	0.0034391348022908	0.00375784378954499	1.76736649479142	0.00593135298031389	0.011486204062463
380	1.02169159467276	0.00413100596193236	0.00583692745228499	0.714710292792196	0.00300397897016429	0.00369180593062247	2.01104931265541	0.00716560343365569	0.0131413643301642	1.66947647756476	0.00618566787992643	0.0102980966172226	0.714844203826393	0.00310251392639569	0.00361924516979129	0.684509117964776	0.00293812375249502	0.00332845420270568	0.796221720026039	0.00362816849960203	0.00386377571654066	1.66808475773411	0.00554905874525463	0.0107389926030289
390	0.997818404935856	0.00441532621032447	0.0053017363964881	0.705695522668236	0.00304960014611304	0.00368829660939564	1.94043285977082	0.00720180553924842	0.0122701003222322	1.61739465087997	0.00592462134554425	0.00995003457137966	0.708347598971156	0.00319820489739487	0.00358522171343602	0.678595020234311	0.00285650920381461	0.00321845198491905	0.791260279790816	0.00348844794071981	0.00383363990972292	1.57437882161295	0.00558960510351849	0.009736918320222
400	0.985409741343791	0.00441532621032447	0.00516793863253887	0.697034904227717	0.00308469335838132	0.00347422801455917	1.87681846023131	0.00719697859183606	0.011937040950779	1.57098774885566	0.00588300523136738	0.00959440595932277	0.700829620672183	0.00314504324683977	0.00351504833470328	0.671459947488525	0.00294876912840985	0.00326458194721667	0.787588625726799	0.0035770289486386	0.00374962493314015	1.50275955327771	0.00576337521036361	0.0091460999569486
410	0.968685020850138	0.00398048347748948	0.00503414086858964	0.690016261774062	0.00306714675224718	0.0034145695537031	1.81932713287231	0.00711250701211965	0.0112226527337489	1.53013240356443	0.00615161833196354	0.00957927282689482	0.694969281240912	0.00306849047004042	0.00341510443165969	0.663332832542789	0.0028245730760701	0.00309425593257929	0.784406525537985	0.00354232711048485	0.00365739110015256	1.44055959914529	0.00570545184141523	0.00838151148683007
420	0.956680987592597	0.00379651155205929	0.00496724198661503	0.68312640175075	0.00292677390317408	0.00330928991689827	1.76362356381419	0.0069918333268105	0.0110006131527801	1.4914771196452	0.00613648519953559	0.00911014572162829	0.689979620810859	0.00308975513026246	0.00340659856757088	0.656197759797002	0.00277134619649591	0.00323974273674872	0.781817538697973	0.00352497619140797	0.00369209293830631	1.39221794636875	0.00541583499667337	0.00805134828382434
430	0.947104736342198	0.00429825316686889	0.00453239925378004	0.678747799119112	0.00297590440034967	0.00347071869333234	1.71468368032771	0.00706423753799601	0.01041896598959	1.45232836401636	0.00593218791175823	0.00843672132858439	0.689226148598267	0.0033172869946383	0.00323860775181675	0.647345690935919	0.00268263473053894	0.00309780439121757	0.776366544587548	0.00335055379437202	0.00360625154918914	1.34788220882789	0.00560118977730817	0.00748369926813029
440	0.944676954335055	0.00471637117921023	0.00464947229723561	0.672115503956484	0.00304609082488622	0.00317944503150566	1.67226911463943	0.00683013058849627	0.0103369078835798	1.42121908498987	0.005686274509804	0.00853886997247307	0.686044821478434	0.00290475258633071	0.00329814880043847	0.640935572105479	0.00260811709913508	0.00317941893989798	0.775613384779545	0.00354141390421766	0.00356881009223377	1.31182897170675	0.00558381276662365	0.00693921960001557
450	0.934156565637435	0.0038299609930466	0.00525156223500714	0.666996402350378	0.00296537643666918	0.0033514017716202	1.63213394078476	0.00668532216612529	0.00964665440361158	1.39333793339707	0.00621971742788933	0.00804704316856461	0.683231858551424	0.0033172869946383	0.00320458429546149	0.638112067382548	0.0029239299179419	0.00281037924151698	0.776102938654747	0.00358250818624183	0.00359529307398269	1.28189287541848	0.00554905874525463	0.00695659661070009
460	0.921882778823544	0.00418118012341332	0.004582573415261	0.660879236909119	0.00289168069090581	0.00300397897016428	1.60074388461855	0.00667084132388821	0.00921464261020484	1.36595025351387	0.00564465839562713	0.00785409573010822	0.681657938818454	0.00308762866424026	0.00328113707226083	0.634487297805811	0.00276779773785763	0.00284941228653805	0.776159425640347	0.00340534617040425	0.0035532855856913	1.25509655053114	0.00522468787914373	0.00677703416696013
470	0.921613025267195	0.00431497788736255	0.00438187676933716	0.660525085225678	0.00296186711544236	0.00320050095886662	1.57300383498329	0.00658154279675945	0.00864264934183954	1.34238697938012	0.00570519092533894	0.0076989811227217	0.677924065409387	0.00303234054766295	0.00320033136341708	0.633991276705837	0.00281392770015526	0.00283521845198494	0.776375959085148	0.00342634991454995	0.00352497619140797	1.23457976844569	0.00554905874525463	0.00640053226879571
480	0.917162091587432	0.00429825316686889	0.00464947229723561	0.660525085225678	0.00322857552868124	0.00301450693384477	1.54980767102943	0.00683013058849628	0.00839164807639653	1.32246305910473	0.00581490613544159	0.00719580446949227	0.679330546872892	0.00321521662557251	0.00324924008192777	0.630137574313727	0.00272166777556001	0.00307296518074961	0.774963784445142	0.00343182915215317	0.00354597993555367	1.22234548677996	0.00566490548315137	0.00617463112989705
490	0.911767020460447	0.00356236546514814	0.00476654534069119	0.660331911580164	0.00300397897016429	0.0030952213220618	1.52924845056935	0.00669497606095003	0.00840130197122124	1.30595231815412	0.00588678851447437	0.00711635552424552	0.678208710467478	0.00314504324683977	0.00316843437308402	0.628344267259973	0.00281037924151698	0.00282812153470837	0.771489834830726	0.00345922534016929	0.0035752025361042	1.21720275776117	0.00559539744041333	0.00575758287346877
500	0.907855593893383	0.00403065763897044	0.00381323627255294	0.662167061212542	0.0032355941711349	0.00308118403715449	1.51588495727031	0.00703527585352181	0.00793308807222179	1.29474639808179	0.00611378550089366	0.00673802721354671	0.67762267652435	0.00306211107197381	0.00303021408164075	0.628229800852287	0.00274650698602796	0.00293457529385674	0.769107966937915	0.00338890845759459	0.00350397244726229	1.22483565030484	0.00642370161637506	0.00556643575593914
510	0.91068800623505	0.0043317026078562	0.00377978683156564	0.664807101034559	0.00327419670463	0.00308118403715449	1.50048043991109	0.00684702490443955	0.00781482786061884	1.28528819031432	0.00596245417661413	0.00656777947373224	0.678342661083049	0.00308124926617365	0.00320671076148369	0.630099418844498	0.00296296296296297	0.00289199379019739	0.768251247656311	0.00341356502680909	0.00354871955435528	1.23826087974334	0.00637736292121636	0.00576337521036361
520	0.913115788242193	0.00443205093081812	0.00419790484390697	0.666481272629009	0.0033127992381251	0.00310223996451545	1.49280797720317	0.00723800764484116	0.00754451880552637	1.27829734109488	0.00611000221778667	0.00640509830013175	0.676299914195578	0.0030578581399294	0.00332579285872712	0.630137574313727	0.00297360833887781	0.00292747837658018	0.764890272013096	0.00335694623824244	0.00345465930883327	1.24979141954335	0.00652796368048213	0.00559539744041333
530	0.908799731340605	0.0038634104340339	0.00463274757674196	0.674819934993672	0.00343211615983724	0.0029162459394936	1.49094572897309	0.00723800764484116	0.00755658617405727	1.27780386938528	0.0064845472453785	0.00656021290751826	0.673989266076963	0.00315354911092859	0.00304509934379618	0.632083503244396	0.00303748059436683	0.0029239299179419	0.765106805457897	0.00353684787288163	0.0035067120660639	1.27869897002786	0.00709561269617619	0.005606982114203
540	0.907046333224335	0.00423135428489428	0.00456584869476735	0.68428544362383	0.00338649498388848	0.00289519001213263	1.48964960420495	0.00726696932931535	0.00750348975252125	1.27652906746879	0.00648076396227151	0.00614783504885655	0.675345516059628	0.00307699633412924	0.00318969903330606	0.636624004082624	0.00298425371479264	0.00295231758704813	0.76341219588989	0.00339621410773221	0.00351036489113271	1.30500808900816	0.00695659661070009	0.00545058901804239
550	0.905292935108065	0.00416445540291967	0.00423135428489428	0.693074844494691	0.00327770602585683	0.00301450693384477	1.4925994054014	0.00758554785853149	0.0072452480659597	1.27835902505858	0.00640509830013175	0.00618188459681945	0.675864574694969	0.00314291678081757	0.00306636400401822	0.640821105697793	0.00321135506764249	0.00281747615879354	0.762122409718684	0.00343274235842038	0.00345465930883326	1.33591859711051	0.00711878204375554	0.0054042503228837
560	0.904348797660843	0.00428152844637524	0.00409755652094505	0.703216460884147	0.00355845172400302	0.00302152557629842	1.49899064132703	0.00786792428215485	0.00711492048582584	1.28144322324363	0.00633321592109897	0.00602298670632594	0.679213340084267	0.0033130340625939	0.00325987241203879	0.643110433851521	0.00300199600798404	0.00290263916611223	0.761096229480279	0.00344370083362682	0.003713096682452	1.37890098490959	0.00797025556729662	0.00547955070251658
570	0.897739835530286	0.00393030931600852	0.00414773068242601	0.709623386793676	0.00318997299518614	0.00307416539470084	1.50688657382256	0.00783654912397447	0.00728386364525864	1.28641906298217	0.00648076396227152	0.00583382255097654	0.678409636390836	0.00313653738275096	0.00310038746037349	0.645514228412936	0.00282102461743182	0.00281392770015526	0.760945597518678	0.00351767054127034	0.0035304554290112	1.42269538255374	0.00773856209150313	0.00539845798598886
580	0.898549096199334	0.00398048347748948	0.00431497788736255	0.716996180930772	0.00348826529946647	0.00306012810979353	1.51516985394995	0.00791619375627851	0.0067408320613675	1.2932248603105	0.00649968037780645	0.00584895568340449	0.680368664143575	0.00333004579077153	0.00304084641175177	0.650970460512656	0.00306231980483478	0.00288844533155912	0.759900588285073	0.00358433459877624	0.00344461403989402	1.46459509055939	0.00776173143908248	0.00534053461704049
590	0.899223480090207	0.00394703403650217	0.00396375875699582	0.723789454131328	0.00338649498388848	0.00296537643666918	1.52626885340123	0.00775931796537664	0.00709561269617637	1.30179893126493	0.00646184754673657	0.00603055327253992	0.682796519050815	0.00323222835375014	0.0031599285089952	0.65657931448929	0.00306941672211133	0.00286360612109116	0.761595197853081	0.00344278762735961	0.00335603303197524	1.51244953742889	0.00804555594692951	0.005606982114203
600	0.891670380512428	0.0038634104340339	0.00434842732834985	0.731130052660838	0.00336192973530069	0.00312329589187642	1.53750193472506	0.0080706560734742	0.00705458364317126	1.30868697387819	0.00655264634130429	0.00589435508068835	0.683432784474782	0.00324286068386116	0.00319607843137267	0.662188168465925	0.0031758704812597	0.00306231980483478	0.763308636416289	0.00351127809739992	0.00349940641592626	1.56127839611247	0.0081208563265624	0.0059950686861571
610	0.887758953945364	0.00413100596193236	0.00464947229723561	0.734671569495251	0.00320751960132028	0.00301450693384477	1.54797521877103	0.00776655838649517	0.00691218869450649	1.31580119102503	0.00674181049665369	0.00582625598476256	0.684638340014929	0.00323222835375014	0.00316418144103961	0.662378945812069	0.002874251497006	0.00279618540696387	0.764127697707493	0.00354232711048485	0.00348936114698702	1.60328637209747	0.0083873038237249	0.00564173613557202
620	0.886275309385443	0.00429825316686889	0.00429825316686889	0.737665761000709	0.00315137046169104	0.0031338238555569	1.56522708637448	0.0081140986001855	0.00705458364317126	1.32651363938776	0.0067720767615096	0.00606460282050281	0.683801148667605	0.00309400806230687	0.00313015798468434	0.668789064642508	0.00331071190951429	0.00286360612109117	0.766123571198702	0.00350214603472787	0.0034153914393435	1.647676243628	0.00861320496262356	0.00619200814058157
630	0.887489200389015	0.00424807900538793	0.00414773068242601	0.739983844746871	0.00333034584425924	0.00322506620745441	1.5811828292098	0.00807548302088657	0.00692184258933122	1.33484097448738	0.00668127796694189	0.00583760583408352	0.68296395732028	0.00307486986810704	0.00329389586839406	0.668827220111737	0.00294522066977158	0.00286715457972944	0.7658223072755	0.00338890845759458	0.00349210076578863	1.68719405608811	0.0083699268130404	0.00660326406011502
640	0.889647228839809	0.00414773068242601	0.00401393291847678	0.744780990277121	0.00346370005087868	0.00350932122682744	1.59615530497963	0.00809720428424219	0.00673117816654278	1.3429832576959	0.00677964332772358	0.00608351923603776	0.682863494358601	0.00314504324683977	0.00304084641175177	0.673940052988397	0.00330006653359946	0.00301973830117543	0.766217716174702	0.00348296870311659	0.00332133119382149	1.72010752180831	0.00879855974325837	0.00713036671754521
650	0.880745361480284	0.00342856770119891	0.00398048347748948	0.741979972417176	0.00324261281358855	0.00352686783296157	1.61380941820078	0.00824201270661316	0.00664670658682638	1.35071431447974	0.00668127796694188	0.00585652224961846	0.685140654823324	0.00309613452832908	0.00297705243108565	0.674626851434516	0.00308361055666445	0.00275005544466624	0.766792000528305	0.00338890845759458	0.0034592253401693	1.75540288307405	0.00880435208015321	0.00707244334859684
660	0.876968811691394	0.00384668571354025	0.00449894981279273	0.740724343721339	0.00336894837775434	0.00347773733578599	1.63037597845557	0.00804169438899999	0.00690494827338792	1.35992578639241	0.00652238007644838	0.00601920342321896	0.687987105404227	0.00317694023717283	0.00313015798468434	0.679548906965032	0.00301973830117543	0.00305522288755822	0.767149751437107	0.00348114229058219	0.00349849320965906	1.78804567884589	0.00865954365778227	0.00744315290986643
670	0.877373442025918	0.0040808318004514	0.00414773068242601	0.737408196140025	0.0030320535399789	0.0036707500032615	1.64581029178646	0.00830958997038628	0.00693390995786214	1.36695775825431	0.00662074543723008	0.00586030553272545	0.689343355386892	0.0031067668584401	0.00325136654794998	0.677641133503591	0.00293457529385674	0.00308715901530273	0.765351582395498	0.00332681043142471	0.0034838819093838	1.81543747761961	0.00869429767915128	0.00783703181871536
680	0.870899356673536	0.0035790901856418	0.00418118012341332	0.735347677254548	0.00353388647541523	0.00342860683861041	1.66251093391381	0.00818650281137097	0.00702803543240325	1.37586081034848	0.00681369287568647	0.00622350071099632	0.691352614620471	0.00332791932474932	0.00327263120817202	0.6744742295576	0.00283521845198493	0.00306941672211133	0.763986480243492	0.00342726312081716	0.00343822159602361	1.83600839369473	0.00918664631521248	0.00748369926813029
690	0.874945660018775	0.00443205093081812	0.0038299609930466	0.735090112393864	0.00320751960132028	0.00338649498388848	1.67319278976154	0.00809720428424219	0.00723800764484114	1.38050766894728	0.00670397766558381	0.00623106727721029	0.690632630061772	0.00317481377115063	0.00323010188772794	0.673863742049939	0.0031758704812597	0.00303393213572855	0.762037679240283	0.00346744419657414	0.00349575359085744	1.86664823184874	0.00926773903174019	0.00763430002739606
700	0.880070977589411	0.00413100596193236	0.00409755652094505	0.732546659394604	0.00336894837775434	0.00346720937210551	1.68651158910307	0.00831924386521105	0.00724283459225353	1.38591529643172	0.00663966185276502	0.00622350071099632	0.689996364637805	0.003261998878061	0.00323648128579455	0.670391594350118	0.00269328010645378	0.00308715901530273	0.757998859769865	0.00327567088046129	0.00344918007123005	1.8952851123849	0.00922719267347634	0.008028178936245
710	0.88034073114576	0.00396375875699582	0.00431497788736255	0.729391489851217	0.00330578059567145	0.00347071869333234	1.69993467434548	0.00828304175961827	0.00764829817489221	1.39235098997785	0.00674559377976068	0.00624241712653126	0.69044844796536	0.00327901060623863	0.00322159602363912	0.670048195127059	0.00303393213572855	0.00295231758704813	0.755475774413053	0.00332589722515751	0.00355145917315689	1.90849380586471	0.00860741262572873	0.00818457203240561
720	0.880475607923935	0.00414773068242601	0.00393030931600852	0.725560212548534	0.00318997299518614	0.00334438312916655	1.70952897722685	0.00848094660352524	0.00751555712105219	1.39738851368009	0.00672667736422574	0.00659047917237417	0.689761951060554	0.00335343691701577	0.00324286068386116	0.668445665419449	0.00303393213572855	0.0030410290530051	0.752368990205039	0.00337977639492255	0.00345831213390209	1.92717003230134	0.00907079957731571	0.00799342491487598
730	0.886140432607269	0.00409755652094505	0.00404738235946409	0.728071469940209	0.00329174331076414	0.00337245769898117	1.71668001043035	0.00845439839275724	0.00772552933349007	1.40018485336787	0.00710122239181757	0.00642401471566669	0.691168432524059	0.00328113707226083	0.00304084641175177	0.67130732561161	0.00336748724772675	0.0030587713461965	0.749544640925026	0.00335694623824245	0.00354232711048485	1.94319369324407	0.00921560799968667	0.0083699268130404
740	0.883982404156475	0.00396375875699582	0.00384668571354025	0.728779773307091	0.00325665009849586	0.00342158819615675	1.72551451603384	0.00869333228966932	0.00795480933557742	1.40376252326252	0.00671154423179779	0.00658291260616019	0.691787954121079	0.00320671076148369	0.00319820489739487	0.670048195127059	0.00301264138389888	0.00312264360168552	0.748348999729821	0.00341904426441232	0.00342452350201553	1.94747027842811	0.00922140033658148	0.00840468083440942
750	0.891265750177904	0.00429825316686889	0.00424807900538793	0.730067597610514	0.00334087380793972	0.00350230258437378	1.73014778963028	0.00828304175961827	0.00773759670202097	1.40588033934958	0.00678720989393755	0.00666236155140694	0.691302383139631	0.00312590505263993	0.00315354911092859	0.667606245096415	0.00301264138389887	0.00306586826347306	0.748725579633823	0.00345739892763489	0.00336973112598329	1.9542911611267	0.00867692066846678	0.00837571914993523
760	0.882768513152903	0.00401393291847678	0.00403065763897044	0.726010951054732	0.00329174331076414	0.00344615344474454	1.73649433159839	0.00853886997247364	0.00790895333515996	1.40834769789762	0.00679477646015153	0.00658291260616019	0.69202236769833	0.00317694023717283	0.00314716971286198	0.668025955257932	0.00317232202262142	0.00298070525615436	0.748471388198622	0.00338251601372416	0.00348022908431498	1.9550490369821	0.00879276740636353	0.00890861414426028
770	0.885061418381872	0.00404738235946409	0.00428152844637524	0.725431430118192	0.00342158819615675	0.00331981788057876	1.74157454477004	0.00832648428632956	0.0079741171252269	1.40890285357093	0.00658291260616019	0.00668506125004887	0.694065114585802	0.00327475767419422	0.00311101979048451	0.669323241211712	0.00289909070747395	0.00296651142160125	0.748320756237021	0.00347292343417735	0.00346561778403972	1.95088071977741	0.00864216664709777	0.00926194669484536
780	0.886140432607269	0.00403065763897044	0.00366271378811006	0.722308456182391	0.00313733317678373	0.00348124665701282	1.74792108673815	0.00843750407681396	0.00810203123165457	1.40904678281956	0.00666614483451393	0.00696880748307299	0.694333015816946	0.00317694023717283	0.00334705751894916	0.673100632665363	0.00317941893989798	0.00294522066977158	0.749017429059424	0.00344461403989402	0.00339804052026662	1.94633346464501	0.00864795898399259	0.00872905170052032
790	0.890051859174333	0.00429825316686889	0.00426480372588159	0.723982627776841	0.00342158819615675	0.00336192973530068	1.74954496719478	0.00816478154801532	0.00822994533808224	1.4044821695057	0.00636726546906187	0.00676072691218864	0.694466966432517	0.00329814880043847	0.0033130340625939	0.676496469426727	0.00305522288755822	0.00306586826347305	0.748819724609823	0.00344370083362683	0.00331585195621827	1.93799683023562	0.00829462643340753	0.00933145473758341
800	0.889512352061634	0.0043317026078562	0.00428152844637524	0.723081150764445	0.00329525263199096	0.00342509751738358	1.74985782489744	0.00812616596871638	0.00785344343991775	1.4049139572516	0.00681747615879346	0.00663209528655104	0.69331164237321	0.00309613452832908	0.00333429872281594	0.680464638226523	0.00309780439121756	0.00289199379019739	0.749252791499425	0.00341447823307631	0.00335420661944083	1.91802138804688	0.00794708621971726	0.00894336816562929
810	0.895312053523143	0.00461602285624831	0.00431497788736255	0.723467498055472	0.00341807887492992	0.00320401028009345	1.75323966768326	0.00807065607347419	0.008041694389	1.40189144303026	0.00641644814945271	0.0069309746520031	0.693194435584584	0.00328539000430524	0.00322159602363912	0.684890672657064	0.00314038589487691	0.00303748059436683	0.749064501547424	0.00331128592488225	0.00341082540800748	1.90021130544499	0.00801659426245531	0.00922140033658149
820	0.891535503734253	0.00393030931600852	0.00426480372588159	0.724079214599598	0.00327770602585683	0.00324612213481538	1.75166048118415	0.00782689522914972	0.00813823333724731	1.36961016869345	0.00654129649198332	0.00672667736422574	0.692039111525277	0.00319395196535047	0.00314716971286198	0.684852517187836	0.00302683521845199	0.00299489909070748	0.749262205997025	0.00340078013906824	0.0033258972251575	1.88537859227503	0.00837571914993524	0.00898970686078799
830	0.89113087339973	0.00391358459551486	0.00423135428489428	0.725688994978877	0.00341807887492992	0.00324963145604221	1.75385048510273	0.00844233102422631	0.00804410786270617	1.33218856404824	0.00646941411295055	0.00646941411295055	0.691587028197721	0.00311527272252891	0.00319607843137267	0.683822319518658	0.00326103348857839	0.00319716123308937	0.750712038627432	0.00339986693280103	0.00334964058810481	1.87487659827879	0.00813244100035207	0.00904763022973637
840	0.890995996621555	0.00388013515452756	0.00439860148983081	0.725914364231976	0.00324963145604221	0.0034917746206933	1.72482920868517	0.00815030070577821	0.00817202196913388	1.29425292637219	0.00639374845081078	0.0065488630581973	0.689862414022233	0.003157802042973	0.0031088933244623	0.681723768711074	0.00304812597028166	0.00295586604568641	0.75025072824503	0.00330854630608063	0.00344096121482521	1.85684997971822	0.00792970920903277	0.00879276740636354
850	0.885735802272745	0.00403065763897044	0.00403065763897044	0.725785581801633	0.00328823398953731	0.00336192973530069	1.67340136156331	0.00802962702046909	0.00812133902130401	1.25859959535307	0.00630673293935006	0.00668884453315586	0.689577768964143	0.00314716971286198	0.00327263120817202	0.685386693757039	0.00306941672211133	0.00315457972943003	0.749723516379427	0.00330854630608063	0.00342726312081715	1.84169246261023	0.00836992681304041	0.00872325936362547
860	0.891535503734253	0.00443205093081812	0.00406410707995775	0.727169992927813	0.00327770602585683	0.00357950765136399	1.62265882179011	0.00813340638983492	0.00825408007514407	1.2198620661489	0.00630673293935005	0.00645049769741561	0.687451302941939	0.0031088933244623	0.00330240173248288	0.684356496087861	0.0031084497671324	0.00298780217343092	0.745647038918609	0.00329667462460698	0.00341539143934351	1.83422197203558	0.00848577355093715	0.00863058197330808
870	0.89463766963227	0.00428152844637524	0.00418118012341332	0.722984563941688	0.0031969916376398	0.00322155688622759	1.57039668746117	0.00804410786270616	0.00838199418157175	1.18276944264343	0.00637483203527584	0.00662074543723007	0.683516503609514	0.00319395196535047	0.00316418144103961	0.688744375049174	0.00314393435351519	0.00308006209802617	0.744046574326601	0.00329484821207258	0.00338799525132738	1.82269143223557	0.00815561034793142	0.00850315056162165
880	0.867257683662822	0.00451567453328639	0.00418118012341332	0.721278196739653	0.00320050095886662	0.00322857552868124	1.51725557196764	0.00799825186228872	0.00813340638983493	1.1445459464701	0.00632186607177801	0.00654507977509031	0.658970053305963	0.00312377858661773	0.00302383468357414	0.689087774272233	0.00301618984253715	0.00325393657130183	0.7438206263842	0.00342634991454994	0.00339530090146502	1.82090501057642	0.00832938045477654	0.00848577355093715
890	0.832864105228293	0.00374633739057833	0.00401393291847679	0.710299494552973	0.00324963145604221	0.00318646367395931	1.46512751951126	0.00818650281137095	0.00814788723207203	1.10866644091741	0.00668127796694188	0.00651481351023441	0.634155701771269	0.00308124926617365	0.00334493105292696	0.689393018026064	0.00320070969172765	0.00310135284985584	0.740920961123387	0.00327110484912528	0.00340260655160264	1.80293252600552	0.00799921725177081	0.00865375132088743
900	0.799954171353685	0.00416445540291966	0.00416445540291967	0.68064733996666	0.00313733317678373	0.0033127992381251	1.41155436242835	0.00786551080844866	0.0082637339699688	1.0734448976442	0.00659047917237417	0.006643445135872	0.607851149638337	0.00315354911092859	0.00316630790706181	0.688095732072284	0.00305167442891994	0.00320425815036593	0.734585004238558	0.00332955005022633	0.00334781417557041	1.72086539766371	0.00844522719267328	0.00859003561504422
910	0.769606896264395	0.00396375875699582	0.00391358459551486	0.648838079672115	0.00331981788057875	0.00335842041407386	1.35582099739854	0.00792102070369087	0.00834096512856666	1.03639339678119	0.00656399619062525	0.00664344513587201	0.581178233312582	0.00308124926617365	0.00312377858661773	0.661196126265976	0.00284941228653805	0.00300554446662232	0.699412441204798	0.0033925612826634	0.00335877265077685	1.64226284466086	0.0083062111071972	0.00845101952956813
920	0.736696962389787	0.00419790484390697	0.00391358459551486	0.619990815275442	0.00347422801455916	0.00333034584425924	1.30314171946606	0.00815030070577822	0.00801514617823196	0.996463310945478	0.00617431803060547	0.00680990959257948	0.555727616353921	0.00303659347970736	0.00320033136341708	0.630023107906041	0.00315103127079175	0.00299844754934576	0.665313130897442	0.00332955005022633	0.00337703677612094	1.56333548771999	0.00828883409651269	0.00830621110719719
930	0.699605848391766	0.00372961267008468	0.0040808318004514	0.589598161714661	0.00344966276597137	0.00330227127444462	1.25041774757606	0.00806824259976803	0.00823477228549461	0.956636031715931	0.00653372992576935	0.00666236155140694	0.529054700028166	0.00307912280015144	0.00314929617888418	0.59678969420775	0.00308715901530273	0.00297715679751608	0.630065251882881	0.00334964058810481	0.00346561778403971	1.49074180757067	0.00856686626746488	0.00810927165277274
940	0.662649611171919	0.00393030931600852	0.00377978683156564	0.559752833482836	0.00338298566266165	0.00334438312916655	1.1976341837427	0.00812133902130404	0.0085726586043602	0.918967691215915	0.00641644814945272	0.00663209528655104	0.505161258975528	0.0033151605286161	0.003157802042973	0.563632591447917	0.00302683521845199	0.00309780439121757	0.59283091387471	0.00328571614940054	0.00337977639492256	1.41733611757628	0.00853790458299069	0.00857845094125455
950	0.627311895290168	0.0038634104340339	0.00443205093081812	0.527074291783479	0.00311627724942276	0.00333034584425924	1.14438878234828	0.00829993607556156	0.00812133902130401	0.880661949757656	0.0065488630581973	0.00662831200344405	0.480296675959994	0.00319607843137267	0.00317056083910622	0.531353064480346	0.00318651585717454	0.0030765136393879	0.558684531079354	0.00336790471344889	0.00341173861427469	1.33608099907954	0.00794708621971727	0.00817877969551077
960	0.587523245728654	0.00346201714218622	0.00413100596193236	0.493655251109655	0.00306363743102035	0.00336192973530069	1.09349726271668	0.00797894407263926	0.00823718575920081	0.842829118687771	0.00632186607177801	0.00657156275683923	0.453975380000116	0.00302808761561855	0.00321521662557251	0.496097410912929	0.00299489909070748	0.00320780660900421	0.52280588072559	0.00324462186737636	0.00332041798755429	1.26061821747763	0.00812664866345723	0.00805134828382434
970	0.553804051184998	0.0036125396266291	0.004582573415261	0.463262597548875	0.00321102892254711	0.00347422801455916	1.0416969659488	0.00798135754634546	0.00838682112898413	0.806702877280278	0.00639374845081079	0.00642779799877368	0.428775920445652	0.00308550219821806	0.00316630790706181	0.460650979999368	0.00301618984253715	0.00325748502994011	0.490391765488642	0.00345557251510047	0.00333868211289837	1.1799044388776	0.00781386247113602	0.00835834213925072
980	0.513341017732611	0.0036125396266291	0.00404738235946409	0.433417269317049	0.00351633986928109	0.00325665009849586	0.98851115649774	0.00796687670410834	0.00825408007514407	0.770268216054279	0.00630294965624307	0.00656777947373224	0.40242113683188	0.00301532881948532	0.00320458429546149	0.427455721770306	0.00316522510534486	0.00304102905300511	0.455492222885283	0.00334050852543277	0.00334324814423439	1.10281763758556	0.00849156588783199	0.00819615670619528
990	0.481914728417924	0.00426480372588159	0.00431497788736255	0.404376831274863	0.00330578059567145	0.00321102892254711	0.938051678455517	0.00784861649250539	0.00817684891654623	0.733977484076917	0.00633321592109897	0.00632943263799198	0.377137958142684	0.00307061693606263	0.00318757256728385	0.394794640110447	0.00320070969172765	0.00328587269904634	0.420602094779523	0.00330124065594301	0.00322818415456668	1.02232039494422	0.00783123948182053	0.00857265860435972
1000	0.432010320493314	0.00255888223552894	0.00222438782565588	0.363584996463942	0.00197925717193067	0.00178624450445516	0.86584114108597	0.00473040846411738	0.00501278488774071	0.682635864956536	0.00369248431242098	0.00385894876912848	0.341055011073003	0.00182450784705103	0.00200951039098278	0.345383307459142	0.00171035706365049	0.0018274561987137	0.374885294433714	0.00207571784535511	0.00190312186085352	0.913673477673756	0.00501616375092956	0.00469179288481865
